uid,FirstName LastName,Wheat Freqeuncy,Wheat Quantity,Wheat Seller,Sugercane Freqeuncy,Sugercane Quantity,Sugercane Seller,Rubber Freqeuncy,Rubber Quantity,Rubber Seller,Maize Freqeuncy,Maize Quantity,Maize Seller,Barley Freqeuncy,Barley Quantity,Barley Seller,Distance
user_001,Hayden Ripley,2,944,Riverside Circuitry Ltd,6,885,Oakes Workshops Ltd,2,462,Tilly Beverages Ltd,0,0,,3,235,Riverside Circuitry Ltd,963
user_002,Lucy Lakey,6,799,Riverside Circuitry Ltd,1,242,Tilly Beverages Ltd,6,882,Peabody Workwear Ltd,0,0,,5,742,Riverside Circuitry Ltd,354
user_003,Daphne Long,1,465,Oakes Workshops Ltd,0,0,,5,777,Tilly Beverages Ltd,3,253,Riverside Circuitry Ltd,4,732,Oakes Workshops Ltd,368
user_004,Percy Torres,4,931,Riverside Circuitry Ltd,6,479,Tilly Beverages Ltd,5,99,Riverside Circuitry Ltd,2,94,Peabody Workwear Ltd,5,193,Tilly Beverages Ltd,363
user_005,Vanessa Alldridge,2,608,Riverside Circuitry Ltd,6,676,Oakes Workshops Ltd,6,460,Oakes Workshops Ltd,5,759,Riverside Circuitry Ltd,3,877,Riverside Circuitry Ltd,773
user_006,Jayden Rixon,0,0,,5,199,Tilly Beverages Ltd,1,272,Riverside Circuitry Ltd,6,202,Riverside Circuitry Ltd,6,409,Tilly Beverages Ltd,526
user_007,Phillip Matthews,5,142,Tilly Beverages Ltd,0,0,,3,68,Tilly Beverages Ltd,3,157,Tilly Beverages Ltd,6,198,Peabody Workwear Ltd,763
user_008,Brad Walton,5,491,Peabody Workwear Ltd,5,984,Peabody Workwear Ltd,0,0,,6,149,Oakes Workshops Ltd,3,955,Riverside Circuitry Ltd,892
user_009,Barry Scott,0,0,,1,152,Oakes Workshops Ltd,1,972,Oakes Workshops Ltd,6,869,Tilly Beverages Ltd,0,0,,356
user_010,Tyler Benfield,3,62,Peabody Workwear Ltd,4,507,,1,337,Tilly Beverages Ltd,3,803,Riverside Circuitry Ltd,0,0,,834
user_011,Angel Donovan,4,661,Oakes Workshops Ltd,6,972,Oakes Workshops Ltd,6,250,Oakes Workshops Ltd,4,513,Oakes Workshops Ltd,2,126,Tilly Beverages Ltd,805
user_012,Ryan Bristow,3,161,Oakes Workshops Ltd,5,612,Oakes Workshops Ltd,2,62,Oakes Workshops Ltd,2,563,Oakes Workshops Ltd,1,291,Riverside Circuitry Ltd,352
user_013,Roger Nayler,3,476,Peabody Workwear Ltd,2,329,Tilly Beverages Ltd,3,131,Tilly Beverages Ltd,3,964,Peabody Workwear Ltd,4,686,Peabody Workwear Ltd,133
user_014,Barney Butler,0,0,,6,836,Riverside Circuitry Ltd,0,0,,0,0,,6,859,Oakes Workshops Ltd,768
user_015,Carmella Allcott,1,488,Riverside Circuitry Ltd,3,655,Riverside Circuitry Ltd,3,124,Tilly Beverages Ltd,0,0,,0,0,,763
user_016,Sharon Wright,0,0,,5,349,Peabody Workwear Ltd,5,117,Peabody Workwear Ltd,3,19,Tilly Beverages Ltd,1,991,Riverside Circuitry Ltd,356
user_017,Josh Lunt,2,833,Tilly Beverages Ltd,0,0,,5,58,Tilly Beverages Ltd,1,475,Oakes Workshops Ltd,5,96,Tilly Beverages Ltd,408
user_018,Kieth Jones,1,773,Riverside Circuitry Ltd,5,674,Tilly Beverages Ltd,0,0,,0,0,,1,343,Oakes Workshops Ltd,657
user_019,Domenic Varley,5,215,Tilly Beverages Ltd,2,964,Oakes Workshops Ltd,5,325,Riverside Circuitry Ltd,6,173,Oakes Workshops Ltd,1,405,Tilly Beverages Ltd,924
user_020,Dorothy Preston,1,121,Oakes Workshops Ltd,0,0,,3,503,Oakes Workshops Ltd,0,0,,2,984,Riverside Circuitry Ltd,520
user_021,Katelyn Farrow,0,0,,6,793,Tilly Beverages Ltd,0,0,,2,599,Oakes Workshops Ltd,2,565,Oakes Workshops Ltd,918
user_022,Hank Poole,4,627,Tilly Beverages Ltd,0,0,,1,787,Oakes Workshops Ltd,0,0,,1,972,Oakes Workshops Ltd,730
user_023,Mark Lewin,4,782,Oakes Workshops Ltd,0,0,,1,500,Peabody Workwear Ltd,0,0,,3,635,Peabody Workwear Ltd,643
user_024,Oliver Goldsmith,6,932,Riverside Circuitry Ltd,5,65,Oakes Workshops Ltd,0,0,,0,0,,5,133,Tilly Beverages Ltd,69
user_025,Sabina Radley,0,0,,6,418,Oakes Workshops Ltd,2,70,Peabody Workwear Ltd,3,807,Oakes Workshops Ltd,1,450,Oakes Workshops Ltd,900
user_026,Brooklyn Higgs,6,309,Peabody Workwear Ltd,5,583,Tilly Beverages Ltd,2,283,Oakes Workshops Ltd,0,0,,6,942,Tilly Beverages Ltd,616
user_027,Russel Robe,1,299,Riverside Circuitry Ltd,0,0,,2,736,Oakes Workshops Ltd,3,286,Tilly Beverages Ltd,1,745,Riverside Circuitry Ltd,739
user_028,Ciara Silva,6,685,Riverside Circuitry Ltd,1,735,Peabody Workwear Ltd,6,815,Tilly Beverages Ltd,0,0,,6,695,Peabody Workwear Ltd,655
user_029,Ivy Groves,0,0,,1,280,Oakes Workshops Ltd,3,735,Tilly Beverages Ltd,0,0,,1,945,Peabody Workwear Ltd,809
user_030,Peter Dickson,2,475,Tilly Beverages Ltd,5,656,Peabody Workwear Ltd,2,54,Tilly Beverages Ltd,0,0,,2,811,Oakes Workshops Ltd,115
user_031,Jack Ballard,4,406,Tilly Beverages Ltd,1,47,Oakes Workshops Ltd,1,801,Riverside Circuitry Ltd,3,736,Oakes Workshops Ltd,0,0,,827
user_032,Denis Tindall,6,974,Peabody Workwear Ltd,1,280,Riverside Circuitry Ltd,2,296,Peabody Workwear Ltd,5,613,Peabody Workwear Ltd,5,411,Riverside Circuitry Ltd,196
user_033,Zoe Emerson,0,0,,5,51,Peabody Workwear Ltd,0,0,,0,0,,0,0,,723
user_034,Nicholas Foxley,0,0,,6,591,Tilly Beverages Ltd,3,752,Riverside Circuitry Ltd,5,338,Riverside Circuitry Ltd,3,555,Oakes Workshops Ltd,488
user_035,Barney Blackburn,4,355,Peabody Workwear Ltd,4,632,Oakes Workshops Ltd,6,880,Oakes Workshops Ltd,3,202,Oakes Workshops Ltd,3,800,Peabody Workwear Ltd,341
user_036,Mark Jeffery,4,232,Peabody Workwear Ltd,6,612,Tilly Beverages Ltd,0,0,,0,0,,2,842,Oakes Workshops Ltd,866
user_037,Greta Ripley,3,506,Oakes Workshops Ltd,5,305,Peabody Workwear Ltd,3,788,Peabody Workwear Ltd,0,0,,3,66,Tilly Beverages Ltd,226
user_038,Sebastian Stone,1,980,Tilly Beverages Ltd,5,697,Peabody Workwear Ltd,6,583,Oakes Workshops Ltd,2,246,Peabody Workwear Ltd,5,229,Oakes Workshops Ltd,739
user_039,Henry Alcroft,2,887,Oakes Workshops Ltd,5,776,Tilly Beverages Ltd,6,432,Oakes Workshops Ltd,4,262,Tilly Beverages Ltd,5,53,Tilly Beverages Ltd,842
user_040,Carter Lomax,5,571,Peabody Workwear Ltd,2,110,Riverside Circuitry Ltd,3,457,Peabody Workwear Ltd,6,820,Riverside Circuitry Ltd,2,30,Riverside Circuitry Ltd,155
user_041,Adelaide Tyler,0,0,,0,0,,3,898,Riverside Circuitry Ltd,2,986,Oakes Workshops Ltd,3,785,Oakes Workshops Ltd,653
user_042,Jacob Miller,2,15,Peabody Workwear Ltd,2,672,Riverside Circuitry Ltd,2,170,Oakes Workshops Ltd,3,665,Riverside Circuitry Ltd,2,104,Tilly Beverages Ltd,536
user_043,Marina Thomson,6,11,Peabody Workwear Ltd,6,609,Peabody Workwear Ltd,2,388,Oakes Workshops Ltd,0,0,,1,565,Oakes Workshops Ltd,443
user_044,Nathan Simpson,0,0,,6,578,Oakes Workshops Ltd,1,663,Oakes Workshops Ltd,6,881,Tilly Beverages Ltd,1,268,Oakes Workshops Ltd,229
user_045,Freya Johnson,5,558,Oakes Workshops Ltd,5,828,Oakes Workshops Ltd,0,0,,1,228,Riverside Circuitry Ltd,2,983,Peabody Workwear Ltd,12
user_046,Celia Donovan,0,0,,3,11,Riverside Circuitry Ltd,0,0,,3,604,Oakes Workshops Ltd,5,136,Tilly Beverages Ltd,629
user_047,William Richards,0,0,,3,365,Oakes Workshops Ltd,0,0,,2,242,Peabody Workwear Ltd,5,778,Riverside Circuitry Ltd,222
user_048,Sabrina Norburn,2,796,Peabody Workwear Ltd,4,124,Tilly Beverages Ltd,0,0,,1,938,Oakes Workshops Ltd,3,973,Riverside Circuitry Ltd,102
user_049,Gil Logan,4,116,Tilly Beverages Ltd,1,504,Tilly Beverages Ltd,1,314,Riverside Circuitry Ltd,4,601,Peabody Workwear Ltd,6,512,Peabody Workwear Ltd,447
user_050,Alma Moran,4,100,Oakes Workshops Ltd,2,645,Riverside Circuitry Ltd,2,576,Riverside Circuitry Ltd,0,0,,6,165,Tilly Beverages Ltd,390
user_051,Kendra Lewis,1,662,Tilly Beverages Ltd,4,649,Tilly Beverages Ltd,3,996,Riverside Circuitry Ltd,2,563,Tilly Beverages Ltd,5,366,Oakes Workshops Ltd,359
user_052,Brad James,2,112,Riverside Circuitry Ltd,2,196,Tilly Beverages Ltd,4,847,Peabody Workwear Ltd,2,625,Riverside Circuitry Ltd,3,121,Tilly Beverages Ltd,557
user_053,Michael Bailey,0,0,,4,507,Oakes Workshops Ltd,5,296,Riverside Circuitry Ltd,5,457,Peabody Workwear Ltd,6,94,Peabody Workwear Ltd,452
user_054,Luke Richards,1,621,Peabody Workwear Ltd,1,954,Tilly Beverages Ltd,3,645,Peabody Workwear Ltd,2,823,Peabody Workwear Ltd,4,80,Oakes Workshops Ltd,361
user_055,Ryan Pearson,5,658,Peabody Workwear Ltd,2,88,Riverside Circuitry Ltd,2,509,Riverside Circuitry Ltd,4,87,Peabody Workwear Ltd,0,0,,220
user_056,Vicky Mould,4,170,Riverside Circuitry Ltd,3,260,Tilly Beverages Ltd,1,67,Peabody Workwear Ltd,6,715,Riverside Circuitry Ltd,1,55,Peabody Workwear Ltd,940
user_057,Felicity Yard,4,921,Tilly Beverages Ltd,3,828,Oakes Workshops Ltd,0,0,,5,249,Tilly Beverages Ltd,4,33,Riverside Circuitry Ltd,891
user_058,Gil Warren,3,443,Tilly Beverages Ltd,0,0,,6,922,Peabody Workwear Ltd,5,842,Tilly Beverages Ltd,4,940,Oakes Workshops Ltd,923
user_059,Carina Aldridge,0,0,,1,335,Oakes Workshops Ltd,4,399,Oakes Workshops Ltd,5,793,Oakes Workshops Ltd,0,0,,816
user_060,Enoch Quinn,3,198,Riverside Circuitry Ltd,1,156,Oakes Workshops Ltd,0,0,,3,113,Tilly Beverages Ltd,3,313,Tilly Beverages Ltd,580
user_061,Wade Allen,1,576,Riverside Circuitry Ltd,2,248,Riverside Circuitry Ltd,2,200,Tilly Beverages Ltd,0,0,,5,22,Peabody Workwear Ltd,312
user_062,Josh Ainsworth,1,280,Tilly Beverages Ltd,2,751,Riverside Circuitry Ltd,4,877,Riverside Circuitry Ltd,2,995,Oakes Workshops Ltd,5,292,Oakes Workshops Ltd,11
user_063,Marvin Bloom,3,769,Peabody Workwear Ltd,1,996,Peabody Workwear Ltd,0,0,,1,729,Oakes Workshops Ltd,0,0,,696
user_064,Chuck Shepherd,1,762,Peabody Workwear Ltd,1,288,Oakes Workshops Ltd,6,923,Tilly Beverages Ltd,0,0,,0,0,,821
user_065,Amy Reid,4,667,Oakes Workshops Ltd,5,752,Peabody Workwear Ltd,2,674,Peabody Workwear Ltd,1,889,Oakes Workshops Ltd,3,895,Peabody Workwear Ltd,777
user_066,Adalie Allcott,5,783,Tilly Beverages Ltd,3,473,Peabody Workwear Ltd,4,224,Peabody Workwear Ltd,0,0,,5,589,Oakes Workshops Ltd,233
user_067,Rachael Smith,5,46,Riverside Circuitry Ltd,6,308,Oakes Workshops Ltd,2,871,Peabody Workwear Ltd,5,601,Oakes Workshops Ltd,5,952,Oakes Workshops Ltd,240
user_068,Martha Pearson,5,60,Tilly Beverages Ltd,5,30,Riverside Circuitry Ltd,0,0,,1,892,Riverside Circuitry Ltd,4,949,Peabody Workwear Ltd,91
user_069,Penelope Verdon,4,522,Riverside Circuitry Ltd,0,0,,0,0,,6,81,Tilly Beverages Ltd,0,0,,91
user_070,Alexander Styles,6,234,Oakes Workshops Ltd,2,388,Peabody Workwear Ltd,2,328,Tilly Beverages Ltd,6,941,Oakes Workshops Ltd,6,226,Riverside Circuitry Ltd,767
user_071,Rocco Matthews,4,219,Peabody Workwear Ltd,1,569,Oakes Workshops Ltd,4,37,Tilly Beverages Ltd,0,0,,5,445,Oakes Workshops Ltd,196
user_072,Carl Hall,0,0,,3,471,Tilly Beverages Ltd,4,918,Riverside Circuitry Ltd,3,365,Tilly Beverages Ltd,6,76,Tilly Beverages Ltd,703
user_073,Callie Stewart,1,485,Oakes Workshops Ltd,0,0,,2,377,Peabody Workwear Ltd,3,111,Oakes Workshops Ltd,4,920,Riverside Circuitry Ltd,216
user_074,Shelby Wallace,2,87,Oakes Workshops Ltd,1,818,Riverside Circuitry Ltd,5,364,Peabody Workwear Ltd,6,189,Tilly Beverages Ltd,3,342,Riverside Circuitry Ltd,369
user_075,Roger Kerr,4,941,Oakes Workshops Ltd,0,0,,0,0,,2,728,Riverside Circuitry Ltd,6,950,Tilly Beverages Ltd,98
user_076,Mackenzie Lewis,0,0,,6,206,Oakes Workshops Ltd,6,785,Tilly Beverages Ltd,0,0,,0,0,,90
user_077,Rachael Holmes,0,0,,1,675,Riverside Circuitry Ltd,3,953,Riverside Circuitry Ltd,6,202,Peabody Workwear Ltd,2,148,Oakes Workshops Ltd,501
user_078,Nicholas Wright,0,0,,3,813,Riverside Circuitry Ltd,1,822,Oakes Workshops Ltd,1,974,Oakes Workshops Ltd,6,277,Riverside Circuitry Ltd,906
user_079,Johnathan Harris,2,576,Oakes Workshops Ltd,3,215,Peabody Workwear Ltd,5,56,Peabody Workwear Ltd,4,496,Oakes Workshops Ltd,5,230,Riverside Circuitry Ltd,318
user_080,Daphne Healy,2,216,Tilly Beverages Ltd,1,553,Riverside Circuitry Ltd,4,564,Tilly Beverages Ltd,0,0,,6,713,Tilly Beverages Ltd,594
user_081,Trisha Quinn,1,511,Tilly Beverages Ltd,2,948,Tilly Beverages Ltd,2,507,Peabody Workwear Ltd,6,245,Tilly Beverages Ltd,4,869,Oakes Workshops Ltd,761
user_082,Ryan Jordan,2,733,Peabody Workwear Ltd,3,700,Tilly Beverages Ltd,0,0,,4,471,Riverside Circuitry Ltd,5,273,Peabody Workwear Ltd,723
user_083,Barney Edley,1,345,Oakes Workshops Ltd,1,573,Peabody Workwear Ltd,0,0,,4,790,Oakes Workshops Ltd,6,262,Peabody Workwear Ltd,460
user_084,Carl Fenton,0,0,,3,5,Oakes Workshops Ltd,6,758,Riverside Circuitry Ltd,4,630,Peabody Workwear Ltd,6,186,Tilly Beverages Ltd,921
user_085,Cynthia Fields,3,487,Peabody Workwear Ltd,1,389,Riverside Circuitry Ltd,3,399,Peabody Workwear Ltd,1,389,Peabody Workwear Ltd,0,0,,336
user_086,Aiden Drew,2,503,Riverside Circuitry Ltd,2,320,Peabody Workwear Ltd,5,354,Riverside Circuitry Ltd,0,0,,0,0,,513
user_087,Erick Cavanagh,1,465,Oakes Workshops Ltd,0,0,,4,817,Tilly Beverages Ltd,1,16,Peabody Workwear Ltd,5,846,Tilly Beverages Ltd,569
user_088,Emma Mooney,3,230,Riverside Circuitry Ltd,0,0,,2,93,Peabody Workwear Ltd,3,693,Peabody Workwear Ltd,1,206,Tilly Beverages Ltd,483
user_089,Matthew Nelson,0,0,,4,915,Oakes Workshops Ltd,1,61,Oakes Workshops Ltd,4,601,Tilly Beverages Ltd,6,652,Oakes Workshops Ltd,564
user_090,Zara Shields,5,948,Peabody Workwear Ltd,1,837,Oakes Workshops Ltd,6,496,Tilly Beverages Ltd,5,224,Oakes Workshops Ltd,5,273,Oakes Workshops Ltd,16
user_091,Carter Poulton,1,349,Oakes Workshops Ltd,6,483,Riverside Circuitry Ltd,0,0,,0,0,,0,0,,722
user_092,Henry Khan,0,0,,4,129,Riverside Circuitry Ltd,0,0,,1,426,Tilly Beverages Ltd,5,528,Oakes Workshops Ltd,683
user_093,John King,0,0,,1,164,Riverside Circuitry Ltd,3,554,Oakes Workshops Ltd,6,242,Tilly Beverages Ltd,3,549,Tilly Beverages Ltd,773
user_094,Hank Hepburn,0,0,,3,185,Tilly Beverages Ltd,6,810,Riverside Circuitry Ltd,2,312,Riverside Circuitry Ltd,4,424,Peabody Workwear Ltd,827
user_095,Denis Dann,6,308,Peabody Workwear Ltd,3,703,Peabody Workwear Ltd,3,540,Tilly Beverages Ltd,4,769,Riverside Circuitry Ltd,4,433,Oakes Workshops Ltd,856
user_096,Ivette Olivier,1,554,Tilly Beverages Ltd,3,152,Oakes Workshops Ltd,1,650,Oakes Workshops Ltd,2,153,Peabody Workwear Ltd,5,992,Peabody Workwear Ltd,146
user_097,Anne Clifford,4,213,Tilly Beverages Ltd,3,266,Riverside Circuitry Ltd,2,557,Oakes Workshops Ltd,0,0,,3,901,Riverside Circuitry Ltd,855
user_098,Brad Jarvis,0,0,,3,860,Riverside Circuitry Ltd,2,45,Oakes Workshops Ltd,6,201,Peabody Workwear Ltd,3,519,Riverside Circuitry Ltd,814
user_099,Nick Flynn,2,898,Tilly Beverages Ltd,1,72,Riverside Circuitry Ltd,4,416,Oakes Workshops Ltd,5,958,Oakes Workshops Ltd,2,908,Oakes Workshops Ltd,69
user_100,Anne Booth,0,0,,3,421,Oakes Workshops Ltd,4,645,Tilly Beverages Ltd,6,979,Tilly Beverages Ltd,0,0,,740
user_101,Jamie Lambert,5,283,Riverside Circuitry Ltd,2,818,Tilly Beverages Ltd,5,105,Peabody Workwear Ltd,0,0,,3,665,Tilly Beverages Ltd,951
user_102,Anthony Craig,3,421,Riverside Circuitry Ltd,6,154,Peabody Workwear Ltd,4,505,Riverside Circuitry Ltd,6,139,Oakes Workshops Ltd,4,83,Oakes Workshops Ltd,222
user_103,Maria Hancock,1,685,Riverside Circuitry Ltd,2,785,Oakes Workshops Ltd,4,278,Tilly Beverages Ltd,5,720,Riverside Circuitry Ltd,5,363,Oakes Workshops Ltd,574
user_104,Liv Ianson,3,942,Tilly Beverages Ltd,2,369,Oakes Workshops Ltd,2,564,Tilly Beverages Ltd,1,974,Riverside Circuitry Ltd,6,442,Oakes Workshops Ltd,824
user_105,Doug Irving,3,395,Riverside Circuitry Ltd,4,654,Riverside Circuitry Ltd,2,417,Peabody Workwear Ltd,5,361,Peabody Workwear Ltd,4,703,Tilly Beverages Ltd,394
user_106,David Pierce,1,248,Peabody Workwear Ltd,0,0,,3,749,Oakes Workshops Ltd,6,273,Oakes Workshops Ltd,0,0,,776
user_107,Selena Thorpe,4,692,Peabody Workwear Ltd,1,525,Riverside Circuitry Ltd,0,0,,0,0,,3,767,Oakes Workshops Ltd,879
user_108,Judith Randall,2,253,Tilly Beverages Ltd,2,324,Oakes Workshops Ltd,0,0,,2,940,Peabody Workwear Ltd,1,467,Riverside Circuitry Ltd,134
user_109,Javier Atkinson,0,0,,4,718,Riverside Circuitry Ltd,0,0,,1,640,Tilly Beverages Ltd,0,0,,350
user_110,Chuck James,0,0,,3,296,Peabody Workwear Ltd,1,29,Tilly Beverages Ltd,1,162,Peabody Workwear Ltd,0,0,,744
user_111,Harriet Garner,0,0,,6,189,Riverside Circuitry Ltd,3,185,Tilly Beverages Ltd,1,396,Riverside Circuitry Ltd,2,24,Peabody Workwear Ltd,780
user_112,Bernadette Vallory,0,0,,6,693,Riverside Circuitry Ltd,3,991,Peabody Workwear Ltd,4,662,Peabody Workwear Ltd,3,128,Peabody Workwear Ltd,557
user_113,Tyson Reyes,5,93,Tilly Beverages Ltd,3,379,Tilly Beverages Ltd,0,0,,1,592,Peabody Workwear Ltd,0,0,,595
user_114,Dakota Robinson,1,338,Tilly Beverages Ltd,6,367,Oakes Workshops Ltd,0,0,,3,751,Oakes Workshops Ltd,1,870,Oakes Workshops Ltd,558
user_115,Roger Vernon,2,354,Peabody Workwear Ltd,0,0,,3,312,Riverside Circuitry Ltd,6,962,Oakes Workshops Ltd,6,772,Riverside Circuitry Ltd,434
user_116,Lucas Clarke,5,934,Oakes Workshops Ltd,5,528,Tilly Beverages Ltd,0,0,,1,462,Peabody Workwear Ltd,0,0,,381
user_117,Wade Janes,2,582,Peabody Workwear Ltd,0,0,,4,350,Peabody Workwear Ltd,0,0,,2,964,Riverside Circuitry Ltd,78
user_118,Emma Duvall,4,630,Oakes Workshops Ltd,1,930,Peabody Workwear Ltd,4,32,Oakes Workshops Ltd,4,766,Peabody Workwear Ltd,3,391,Riverside Circuitry Ltd,165
user_119,Joseph Wright,1,367,Peabody Workwear Ltd,5,578,Oakes Workshops Ltd,5,966,Riverside Circuitry Ltd,1,30,Tilly Beverages Ltd,5,662,Tilly Beverages Ltd,248
user_120,Kieth Clark,2,106,Riverside Circuitry Ltd,3,913,Tilly Beverages Ltd,0,0,,6,719,Riverside Circuitry Ltd,0,0,,90
user_121,Harry Vincent,1,5,Peabody Workwear Ltd,2,683,Peabody Workwear Ltd,6,647,Peabody Workwear Ltd,1,679,Riverside Circuitry Ltd,0,0,,831
user_122,Danny Norman,0,0,,0,0,,6,86,Oakes Workshops Ltd,5,383,Oakes Workshops Ltd,3,162,Peabody Workwear Ltd,420
user_123,Alan Eyres,0,0,,1,500,Riverside Circuitry Ltd,2,115,Riverside Circuitry Ltd,4,511,Riverside Circuitry Ltd,4,149,Peabody Workwear Ltd,185
user_124,Domenic Cork,5,384,Oakes Workshops Ltd,1,322,Riverside Circuitry Ltd,3,917,Tilly Beverages Ltd,0,0,,6,98,Peabody Workwear Ltd,290
user_125,Cedrick Cartwright,5,25,Tilly Beverages Ltd,6,666,Riverside Circuitry Ltd,5,890,Riverside Circuitry Ltd,1,637,Oakes Workshops Ltd,0,0,,65
user_126,Manuel Oakley,6,329,Tilly Beverages Ltd,4,941,Peabody Workwear Ltd,5,363,Oakes Workshops Ltd,5,229,Riverside Circuitry Ltd,6,864,Tilly Beverages Ltd,273
user_127,Sebastian Oakley,5,330,Tilly Beverages Ltd,0,0,,6,829,Peabody Workwear Ltd,0,0,,4,799,Riverside Circuitry Ltd,599
user_128,Henry Warden,5,892,Oakes Workshops Ltd,4,51,Riverside Circuitry Ltd,2,261,Oakes Workshops Ltd,0,0,,6,210,Tilly Beverages Ltd,968
user_129,Cedrick Doherty,2,920,Oakes Workshops Ltd,6,414,Riverside Circuitry Ltd,1,11,Tilly Beverages Ltd,1,653,Peabody Workwear Ltd,0,0,,683
user_130,Marvin Middleton,2,149,Peabody Workwear Ltd,1,869,Peabody Workwear Ltd,6,546,Oakes Workshops Ltd,6,780,Tilly Beverages Ltd,0,0,,779
user_131,Julia Shields,2,289,Tilly Beverages Ltd,4,138,Riverside Circuitry Ltd,5,308,Riverside Circuitry Ltd,0,0,,1,867,Tilly Beverages Ltd,642
user_132,Sebastian Nobbs,1,621,Oakes Workshops Ltd,0,0,,2,618,Oakes Workshops Ltd,3,503,Peabody Workwear Ltd,4,26,Tilly Beverages Ltd,112
user_133,Andie Ashley,6,651,Tilly Beverages Ltd,6,724,Oakes Workshops Ltd,3,466,Peabody Workwear Ltd,2,746,Peabody Workwear Ltd,2,260,Oakes Workshops Ltd,445
user_134,Jaylene Smith,3,779,Peabody Workwear Ltd,5,776,Tilly Beverages Ltd,1,113,Peabody Workwear Ltd,1,292,Peabody Workwear Ltd,0,0,,188
user_135,Melanie Whatson,0,0,,1,104,Riverside Circuitry Ltd,3,972,Oakes Workshops Ltd,4,318,Peabody Workwear Ltd,3,167,Oakes Workshops Ltd,759
user_136,Luke Hastings,2,873,Riverside Circuitry Ltd,1,668,Tilly Beverages Ltd,0,0,,5,266,Peabody Workwear Ltd,4,137,Oakes Workshops Ltd,390
user_137,Mike Grey,3,449,Riverside Circuitry Ltd,1,354,Oakes Workshops Ltd,2,221,Oakes Workshops Ltd,4,733,Peabody Workwear Ltd,5,173,Riverside Circuitry Ltd,907
user_138,Chris Davies,4,440,Peabody Workwear Ltd,5,152,Oakes Workshops Ltd,5,408,Oakes Workshops Ltd,1,761,Tilly Beverages Ltd,3,777,Riverside Circuitry Ltd,529
user_139,Hank Freeburn,1,345,Oakes Workshops Ltd,0,0,,2,61,Oakes Workshops Ltd,0,0,,2,128,Tilly Beverages Ltd,151
user_140,Mya Tyler,0,0,,0,0,,4,109,Peabody Workwear Ltd,3,850,Peabody Workwear Ltd,0,0,,362
user_141,Shay Kirby,6,695,Peabody Workwear Ltd,0,0,,3,406,Oakes Workshops Ltd,0,0,,0,0,,447
user_142,Ema Evans,4,822,Riverside Circuitry Ltd,3,660,Riverside Circuitry Ltd,0,0,,0,0,,3,263,Oakes Workshops Ltd,748
user_143,Margot Snell,4,97,Peabody Workwear Ltd,0,0,,2,962,Tilly Beverages Ltd,0,0,,2,401,Riverside Circuitry Ltd,758
user_144,Dasha Shaw,0,0,,5,228,Peabody Workwear Ltd,3,934,Riverside Circuitry Ltd,4,671,Oakes Workshops Ltd,2,765,Oakes Workshops Ltd,773
user_145,Daron Kelly,0,0,,0,0,,2,958,Peabody Workwear Ltd,5,679,Oakes Workshops Ltd,2,296,Riverside Circuitry Ltd,276
user_146,Anthony Rees,6,736,Tilly Beverages Ltd,1,226,Oakes Workshops Ltd,3,919,Oakes Workshops Ltd,4,342,Riverside Circuitry Ltd,1,42,Tilly Beverages Ltd,350
user_147,Harry Ogilvy,5,372,Oakes Workshops Ltd,0,0,,0,0,,0,0,,1,238,Oakes Workshops Ltd,612
user_148,Carmen Avery,2,728,Peabody Workwear Ltd,6,735,Tilly Beverages Ltd,2,732,Peabody Workwear Ltd,1,169,Riverside Circuitry Ltd,3,721,Oakes Workshops Ltd,756
user_149,Ethan Addison,1,388,Peabody Workwear Ltd,0,0,,5,565,Peabody Workwear Ltd,1,566,Riverside Circuitry Ltd,6,706,Tilly Beverages Ltd,652
user_150,Bart Rowlands,4,665,Oakes Workshops Ltd,1,10,Peabody Workwear Ltd,1,979,Oakes Workshops Ltd,3,846,Peabody Workwear Ltd,6,228,Oakes Workshops Ltd,336
user_151,Martha Richardson,4,253,Oakes Workshops Ltd,2,781,Peabody Workwear Ltd,2,391,Oakes Workshops Ltd,4,537,Peabody Workwear Ltd,5,592,Riverside Circuitry Ltd,626
user_152,Elijah Johnson,0,0,,3,751,Peabody Workwear Ltd,2,269,Riverside Circuitry Ltd,6,739,Riverside Circuitry Ltd,4,260,Peabody Workwear Ltd,712
user_153,Manuel Powell,3,652,Tilly Beverages Ltd,0,0,,1,746,Riverside Circuitry Ltd,4,94,Riverside Circuitry Ltd,5,567,Peabody Workwear Ltd,264
user_154,Lucas Plumb,4,485,Oakes Workshops Ltd,5,655,Tilly Beverages Ltd,2,806,Tilly Beverages Ltd,0,0,,3,327,Oakes Workshops Ltd,234
user_155,Taylor Shields,3,492,Oakes Workshops Ltd,2,511,Peabody Workwear Ltd,3,538,Riverside Circuitry Ltd,5,407,Peabody Workwear Ltd,1,28,Tilly Beverages Ltd,953
user_156,Emely Swift,2,732,Riverside Circuitry Ltd,2,517,Tilly Beverages Ltd,0,0,,5,55,Riverside Circuitry Ltd,0,0,,164
user_157,Alice Brooks,0,0,,5,724,Oakes Workshops Ltd,0,0,,0,0,,3,557,Oakes Workshops Ltd,825
user_158,Mackenzie Herbert,0,0,,2,898,Oakes Workshops Ltd,2,970,Oakes Workshops Ltd,3,355,Tilly Beverages Ltd,6,266,Oakes Workshops Ltd,306
user_159,Alice Cavanagh,4,183,Oakes Workshops Ltd,0,0,,5,730,Peabody Workwear Ltd,4,962,Tilly Beverages Ltd,6,954,Oakes Workshops Ltd,980
user_160,Tony Flynn,3,261,Oakes Workshops Ltd,4,964,Oakes Workshops Ltd,6,179,Riverside Circuitry Ltd,5,820,Oakes Workshops Ltd,2,529,Peabody Workwear Ltd,166
user_161,Madelyn Hamilton,4,829,Tilly Beverages Ltd,0,0,,1,4,Riverside Circuitry Ltd,0,0,,0,0,,642
user_162,Carl Mason,2,902,Tilly Beverages Ltd,4,632,Riverside Circuitry Ltd,1,462,Riverside Circuitry Ltd,1,369,Tilly Beverages Ltd,0,0,,264
user_163,Rocco Corbett,2,760,Tilly Beverages Ltd,5,809,Tilly Beverages Ltd,4,691,Peabody Workwear Ltd,3,621,Riverside Circuitry Ltd,4,290,Peabody Workwear Ltd,447
user_164,Rufus Lewis,0,0,,4,503,Tilly Beverages Ltd,6,667,Riverside Circuitry Ltd,1,742,Riverside Circuitry Ltd,4,150,Peabody Workwear Ltd,172
user_165,Rosalyn Hall,6,35,Oakes Workshops Ltd,0,0,,4,656,Oakes Workshops Ltd,5,825,Peabody Workwear Ltd,5,388,Oakes Workshops Ltd,516
user_166,Camellia Daniells,0,0,,0,0,,0,0,,4,932,Tilly Beverages Ltd,0,0,,63
user_167,Dalia Jackson,2,231,Tilly Beverages Ltd,1,211,Oakes Workshops Ltd,4,835,Peabody Workwear Ltd,0,0,,1,596,Riverside Circuitry Ltd,639
user_168,Hayden Shaw,2,987,Oakes Workshops Ltd,5,753,Riverside Circuitry Ltd,0,0,,2,835,Oakes Workshops Ltd,3,391,Oakes Workshops Ltd,805
user_169,Freya Ebden,0,0,,3,639,Peabody Workwear Ltd,6,754,Peabody Workwear Ltd,6,517,Oakes Workshops Ltd,4,55,Tilly Beverages Ltd,197
user_170,Alan Davies,3,362,Tilly Beverages Ltd,3,769,Oakes Workshops Ltd,5,59,Oakes Workshops Ltd,3,531,Peabody Workwear Ltd,0,0,,242
user_171,Denny Thompson,5,381,Peabody Workwear Ltd,2,178,Riverside Circuitry Ltd,1,871,Oakes Workshops Ltd,5,263,Riverside Circuitry Ltd,2,520,Oakes Workshops Ltd,257
user_172,Destiny Sloan,1,815,Oakes Workshops Ltd,0,0,,0,0,,3,334,Riverside Circuitry Ltd,1,691,Oakes Workshops Ltd,578
user_173,Eve Skinner,2,799,Tilly Beverages Ltd,0,0,,4,738,Peabody Workwear Ltd,0,0,,5,103,Riverside Circuitry Ltd,979
user_174,Naomi Stewart,0,0,,1,358,Tilly Beverages Ltd,4,511,Oakes Workshops Ltd,6,732,Peabody Workwear Ltd,6,48,Peabody Workwear Ltd,823
user_175,Sabrina Jarrett,5,488,Riverside Circuitry Ltd,6,820,Peabody Workwear Ltd,3,109,Oakes Workshops Ltd,6,741,Tilly Beverages Ltd,1,768,Peabody Workwear Ltd,229
user_176,Matt Slater,2,332,Tilly Beverages Ltd,1,114,Tilly Beverages Ltd,1,887,Peabody Workwear Ltd,4,571,Peabody Workwear Ltd,5,724,Tilly Beverages Ltd,2
user_177,Marilyn Cassidy,0,0,,0,0,,5,713,Tilly Beverages Ltd,4,384,Riverside Circuitry Ltd,2,133,Riverside Circuitry Ltd,200
user_178,Tyler Gallacher,4,25,Riverside Circuitry Ltd,5,946,Peabody Workwear Ltd,3,910,Oakes Workshops Ltd,2,793,Oakes Workshops Ltd,5,17,Tilly Beverages Ltd,946
user_179,Bob Oliver,1,779,Peabody Workwear Ltd,4,759,Tilly Beverages Ltd,1,704,Peabody Workwear Ltd,3,792,Oakes Workshops Ltd,0,0,,565
user_180,Dakota Potter,1,325,Oakes Workshops Ltd,0,0,,6,386,Oakes Workshops Ltd,2,407,Oakes Workshops Ltd,6,806,Peabody Workwear Ltd,952
user_181,Nicholas Mason,5,456,Riverside Circuitry Ltd,3,906,Riverside Circuitry Ltd,0,0,,0,0,,0,0,,297
user_182,Martha Burge,1,679,Peabody Workwear Ltd,6,292,Tilly Beverages Ltd,4,521,Peabody Workwear Ltd,1,963,Oakes Workshops Ltd,3,428,Peabody Workwear Ltd,291
user_183,Melania Hood,6,885,Oakes Workshops Ltd,3,738,Tilly Beverages Ltd,0,0,,3,73,Riverside Circuitry Ltd,4,82,Tilly Beverages Ltd,879
user_184,Daniel Button,6,66,Oakes Workshops Ltd,1,872,Riverside Circuitry Ltd,1,792,Riverside Circuitry Ltd,5,102,Tilly Beverages Ltd,6,26,Oakes Workshops Ltd,845
user_185,Ruth Kennedy,6,935,Tilly Beverages Ltd,3,389,Peabody Workwear Ltd,0,0,,1,692,Riverside Circuitry Ltd,1,247,Tilly Beverages Ltd,862
user_186,Brad Ingram,1,846,Oakes Workshops Ltd,3,343,Oakes Workshops Ltd,1,290,Riverside Circuitry Ltd,1,3,Peabody Workwear Ltd,6,58,Riverside Circuitry Ltd,642
user_187,Danny Morley,1,14,Oakes Workshops Ltd,1,721,Tilly Beverages Ltd,2,501,Riverside Circuitry Ltd,4,853,Oakes Workshops Ltd,0,0,,136
user_188,Sebastian Glass,1,272,Riverside Circuitry Ltd,2,253,Peabody Workwear Ltd,2,494,Riverside Circuitry Ltd,2,397,Oakes Workshops Ltd,1,811,Riverside Circuitry Ltd,795
user_189,Erin Dyson,0,0,,6,372,Riverside Circuitry Ltd,5,119,Riverside Circuitry Ltd,0,0,,0,0,,69
user_190,Daron Gates,0,0,,0,0,,4,503,Oakes Workshops Ltd,0,0,,4,264,Riverside Circuitry Ltd,168
user_191,Morgan Cox,5,589,Oakes Workshops Ltd,3,293,Oakes Workshops Ltd,4,148,Tilly Beverages Ltd,5,867,Oakes Workshops Ltd,2,290,Riverside Circuitry Ltd,146
user_192,Joseph Attwood,5,870,Oakes Workshops Ltd,5,817,Peabody Workwear Ltd,5,19,Peabody Workwear Ltd,2,401,Riverside Circuitry Ltd,5,149,Oakes Workshops Ltd,757
user_193,Anne Leigh,0,0,,5,510,Oakes Workshops Ltd,5,753,Tilly Beverages Ltd,3,924,Riverside Circuitry Ltd,6,211,Riverside Circuitry Ltd,430
user_194,Joseph Webster,6,58,Oakes Workshops Ltd,6,268,Tilly Beverages Ltd,5,943,Riverside Circuitry Ltd,3,578,Riverside Circuitry Ltd,2,596,Riverside Circuitry Ltd,596
user_195,Keira Parr,6,290,Riverside Circuitry Ltd,4,115,Peabody Workwear Ltd,6,667,Oakes Workshops Ltd,3,44,Oakes Workshops Ltd,0,0,,172
user_196,Joyce Connell,1,502,Peabody Workwear Ltd,0,0,,2,406,Peabody Workwear Ltd,3,426,Peabody Workwear Ltd,4,276,Riverside Circuitry Ltd,466
user_197,Gabriel Wilson,5,699,Peabody Workwear Ltd,2,547,Peabody Workwear Ltd,4,439,Tilly Beverages Ltd,5,440,Tilly Beverages Ltd,0,0,,661
user_198,Harvey London,6,601,Peabody Workwear Ltd,2,838,Riverside Circuitry Ltd,3,18,Riverside Circuitry Ltd,5,348,Oakes Workshops Ltd,0,0,,634
user_199,Bree Glass,0,0,,1,585,Peabody Workwear Ltd,0,0,,1,784,Riverside Circuitry Ltd,2,381,Riverside Circuitry Ltd,491
user_200,Rae Hepburn,2,908,Oakes Workshops Ltd,6,472,Oakes Workshops Ltd,6,540,Tilly Beverages Ltd,0,0,,2,667,Riverside Circuitry Ltd,180
user_201,Chad Lakey,4,977,Oakes Workshops Ltd,2,573,Peabody Workwear Ltd,0,0,,3,195,Peabody Workwear Ltd,2,271,Peabody Workwear Ltd,921
user_202,Daria Drummond,6,642,Oakes Workshops Ltd,5,187,Oakes Workshops Ltd,0,0,,4,816,Peabody Workwear Ltd,0,0,,528
user_203,Carl Allwood,0,0,,3,429,Tilly Beverages Ltd,6,209,Peabody Workwear Ltd,6,54,Tilly Beverages Ltd,0,0,,872
user_204,Josh Pearce,1,898,Tilly Beverages Ltd,5,869,Peabody Workwear Ltd,0,0,,6,718,,2,839,Oakes Workshops Ltd,229
user_205,Felicity Shea,3,582,Oakes Workshops Ltd,5,886,Peabody Workwear Ltd,0,0,,3,652,Riverside Circuitry Ltd,3,445,Peabody Workwear Ltd,220
user_206,Ryan Trent,0,0,,3,228,Oakes Workshops Ltd,1,310,Peabody Workwear Ltd,6,161,Tilly Beverages Ltd,0,0,,894
user_207,Peter Quinton,4,805,Tilly Beverages Ltd,5,555,Tilly Beverages Ltd,0,0,,6,684,Tilly Beverages Ltd,0,0,,189
user_208,Hayden Skinner,1,691,Riverside Circuitry Ltd,1,698,Peabody Workwear Ltd,6,864,Tilly Beverages Ltd,4,992,Peabody Workwear Ltd,0,0,,808
user_209,Analise Grady,0,0,,3,391,Peabody Workwear Ltd,4,238,Riverside Circuitry Ltd,4,869,Peabody Workwear Ltd,2,356,Tilly Beverages Ltd,724
user_210,Henry Thomas,2,444,Riverside Circuitry Ltd,0,0,,3,432,Oakes Workshops Ltd,0,0,,2,623,Oakes Workshops Ltd,866
user_211,Ryan Ross,5,631,Peabody Workwear Ltd,0,0,,2,38,Riverside Circuitry Ltd,0,0,,5,367,Riverside Circuitry Ltd,305
user_212,Nancy Flett,0,0,,3,461,Riverside Circuitry Ltd,0,0,,1,618,Tilly Beverages Ltd,0,0,,481
user_213,Andie Phillips,0,0,,0,0,,4,310,Riverside Circuitry Ltd,1,100,Tilly Beverages Ltd,0,0,,911
user_214,Caydence Dickson,1,944,Riverside Circuitry Ltd,3,517,Peabody Workwear Ltd,2,396,Oakes Workshops Ltd,0,0,,2,949,Oakes Workshops Ltd,687
user_215,Willow Allen,3,998,Riverside Circuitry Ltd,2,750,Peabody Workwear Ltd,6,912,Riverside Circuitry Ltd,4,723,Oakes Workshops Ltd,2,985,Peabody Workwear Ltd,236
user_216,Maribel Beal,0,0,,3,864,Oakes Workshops Ltd,4,324,Tilly Beverages Ltd,2,727,Oakes Workshops Ltd,4,966,Oakes Workshops Ltd,255
user_217,Javier Ellis,0,0,,3,325,Peabody Workwear Ltd,3,639,Riverside Circuitry Ltd,4,606,Riverside Circuitry Ltd,0,0,,227
user_218,Adelaide Huggins,3,355,Tilly Beverages Ltd,0,0,,4,875,Tilly Beverages Ltd,4,440,Riverside Circuitry Ltd,6,681,Tilly Beverages Ltd,146
user_219,Matt Norton,6,590,Riverside Circuitry Ltd,2,929,Tilly Beverages Ltd,0,0,,0,0,,4,525,Peabody Workwear Ltd,118
user_220,Roger Hastings,1,247,Riverside Circuitry Ltd,6,269,Riverside Circuitry Ltd,2,726,Tilly Beverages Ltd,0,0,,4,176,Oakes Workshops Ltd,608
user_221,Oliver Mccall,5,655,Peabody Workwear Ltd,6,889,Peabody Workwear Ltd,1,898,Oakes Workshops Ltd,2,428,Oakes Workshops Ltd,1,696,Riverside Circuitry Ltd,69
user_222,Leroy Flett,0,0,,0,0,,2,749,Peabody Workwear Ltd,3,132,Tilly Beverages Ltd,5,859,Riverside Circuitry Ltd,19
user_223,Lindsay Needham,5,348,Peabody Workwear Ltd,5,168,Oakes Workshops Ltd,1,823,Riverside Circuitry Ltd,1,640,Oakes Workshops Ltd,5,244,Peabody Workwear Ltd,326
user_224,Belinda Summers,2,504,Peabody Workwear Ltd,1,637,Peabody Workwear Ltd,4,163,Peabody Workwear Ltd,1,642,Riverside Circuitry Ltd,6,574,Tilly Beverages Ltd,886
user_225,Isla Salt,1,860,Oakes Workshops Ltd,6,799,Riverside Circuitry Ltd,1,329,Oakes Workshops Ltd,5,50,Tilly Beverages Ltd,3,966,Oakes Workshops Ltd,688
user_226,Doris Marshall,0,0,,0,0,,6,673,Tilly Beverages Ltd,3,224,Riverside Circuitry Ltd,3,292,Oakes Workshops Ltd,919
user_227,Tyler Collins,0,0,,6,987,Riverside Circuitry Ltd,0,0,,5,955,Riverside Circuitry Ltd,4,711,Peabody Workwear Ltd,905
user_228,Tom Cartwright,6,186,Tilly Beverages Ltd,5,761,Oakes Workshops Ltd,3,789,Peabody Workwear Ltd,0,0,,2,660,Tilly Beverages Ltd,570
user_229,Erick Faulkner,0,0,,0,0,,5,793,Oakes Workshops Ltd,6,153,Oakes Workshops Ltd,0,0,,976
user_230,John Stubbs,5,46,Riverside Circuitry Ltd,1,545,Oakes Workshops Ltd,0,0,,0,0,,0,0,,872
user_231,Leilani Wilkinson,1,146,Tilly Beverages Ltd,4,770,Tilly Beverages Ltd,2,940,Oakes Workshops Ltd,1,889,Tilly Beverages Ltd,6,190,Oakes Workshops Ltd,179
user_232,Kate Michael,6,227,Oakes Workshops Ltd,1,282,Tilly Beverages Ltd,2,60,Oakes Workshops Ltd,5,483,Oakes Workshops Ltd,4,193,Oakes Workshops Ltd,68
user_233,Anne Russel,1,355,Riverside Circuitry Ltd,5,130,Riverside Circuitry Ltd,1,330,Oakes Workshops Ltd,3,381,Tilly Beverages Ltd,1,194,Peabody Workwear Ltd,521
user_234,Sloane Lane,2,293,Riverside Circuitry Ltd,0,0,,5,269,Tilly Beverages Ltd,3,544,Oakes Workshops Ltd,3,29,Riverside Circuitry Ltd,697
user_235,Chad Vince,0,0,,1,906,Riverside Circuitry Ltd,4,586,Peabody Workwear Ltd,5,704,Oakes Workshops Ltd,3,184,Oakes Workshops Ltd,12
user_236,Robyn Cooper,5,273,Oakes Workshops Ltd,6,629,Tilly Beverages Ltd,4,545,Tilly Beverages Ltd,1,414,Tilly Beverages Ltd,4,36,Peabody Workwear Ltd,735
user_237,Alan Thatcher,0,0,,3,387,Riverside Circuitry Ltd,4,234,Peabody Workwear Ltd,5,877,Riverside Circuitry Ltd,0,0,,254
user_238,Barry Stevens,3,412,Peabody Workwear Ltd,0,0,,4,879,Oakes Workshops Ltd,2,569,Tilly Beverages Ltd,6,656,Peabody Workwear Ltd,262
user_239,Savannah Greenwood,4,368,Riverside Circuitry Ltd,5,378,Tilly Beverages Ltd,4,923,Tilly Beverages Ltd,5,643,Oakes Workshops Ltd,4,415,Oakes Workshops Ltd,101
user_240,Jacob Darcy,2,396,Peabody Workwear Ltd,0,0,,1,517,Peabody Workwear Ltd,0,0,,0,0,,377
user_241,Molly Snell,5,407,Oakes Workshops Ltd,6,755,Oakes Workshops Ltd,1,55,Tilly Beverages Ltd,6,636,Riverside Circuitry Ltd,1,273,Riverside Circuitry Ltd,724
user_242,Noah Dale,2,817,Tilly Beverages Ltd,3,406,Tilly Beverages Ltd,0,0,,1,932,Tilly Beverages Ltd,3,360,Peabody Workwear Ltd,556
user_243,Makenzie Bristow,2,900,Oakes Workshops Ltd,4,978,Peabody Workwear Ltd,1,259,Peabody Workwear Ltd,1,27,Riverside Circuitry Ltd,6,556,Oakes Workshops Ltd,336
user_244,Raquel Yang,1,710,Peabody Workwear Ltd,6,72,Riverside Circuitry Ltd,6,375,Peabody Workwear Ltd,3,571,Riverside Circuitry Ltd,4,299,Oakes Workshops Ltd,967
user_245,Anais Riley,4,752,Oakes Workshops Ltd,0,0,,1,692,Tilly Beverages Ltd,3,500,Oakes Workshops Ltd,1,294,Riverside Circuitry Ltd,33
user_246,Eduardo Morris,4,981,Oakes Workshops Ltd,4,578,Peabody Workwear Ltd,6,80,Oakes Workshops Ltd,4,559,Oakes Workshops Ltd,6,144,Riverside Circuitry Ltd,540
user_247,Kurt Stewart,3,225,Oakes Workshops Ltd,6,698,Peabody Workwear Ltd,2,666,Riverside Circuitry Ltd,6,781,Tilly Beverages Ltd,0,0,,527
user_248,Fred Rodgers,3,33,Riverside Circuitry Ltd,0,0,,3,429,Oakes Workshops Ltd,0,0,,3,398,Oakes Workshops Ltd,663
user_249,Mona Cavanagh,0,0,,0,0,,4,860,Oakes Workshops Ltd,2,408,Peabody Workwear Ltd,6,776,Oakes Workshops Ltd,897
user_250,Karen Tutton,4,180,Oakes Workshops Ltd,3,737,Peabody Workwear Ltd,6,223,Oakes Workshops Ltd,4,789,Oakes Workshops Ltd,5,418,Tilly Beverages Ltd,508
user_251,Chuck Keys,2,163,Riverside Circuitry Ltd,4,453,Riverside Circuitry Ltd,4,834,Oakes Workshops Ltd,6,337,Oakes Workshops Ltd,5,168,Peabody Workwear Ltd,469
user_252,Nathan Vincent,4,266,Peabody Workwear Ltd,3,832,Oakes Workshops Ltd,6,469,Tilly Beverages Ltd,4,789,Oakes Workshops Ltd,0,0,,717
user_253,Sofie Ryan,2,44,Riverside Circuitry Ltd,0,0,,0,0,,2,772,Oakes Workshops Ltd,6,610,Oakes Workshops Ltd,445
user_254,Elijah Powell,0,0,,0,0,,5,861,Riverside Circuitry Ltd,1,745,Tilly Beverages Ltd,1,87,Oakes Workshops Ltd,743
user_255,Eden Whitehouse,5,823,Tilly Beverages Ltd,0,0,,3,93,Tilly Beverages Ltd,5,375,Peabody Workwear Ltd,3,918,Riverside Circuitry Ltd,887
user_256,Paige Clayton,4,38,Oakes Workshops Ltd,6,385,Tilly Beverages Ltd,5,13,Riverside Circuitry Ltd,4,76,Tilly Beverages Ltd,5,902,Tilly Beverages Ltd,711
user_257,Tyson Ralph,1,319,Oakes Workshops Ltd,2,415,Riverside Circuitry Ltd,6,131,Tilly Beverages Ltd,5,902,Oakes Workshops Ltd,6,486,Riverside Circuitry Ltd,219
user_258,Rae Cooper,5,76,Oakes Workshops Ltd,3,661,Peabody Workwear Ltd,0,0,,0,0,,5,837,Riverside Circuitry Ltd,35
user_259,Benny Flynn,1,377,Peabody Workwear Ltd,4,960,Peabody Workwear Ltd,6,986,Tilly Beverages Ltd,0,0,,4,768,Riverside Circuitry Ltd,124
user_260,Holly Rixon,4,786,Oakes Workshops Ltd,6,816,Tilly Beverages Ltd,4,898,Tilly Beverages Ltd,1,792,Tilly Beverages Ltd,5,201,Tilly Beverages Ltd,120
user_261,Catherine Reynolds,0,0,,4,758,Peabody Workwear Ltd,0,0,,0,0,,5,879,Tilly Beverages Ltd,84
user_262,Dalia Lucas,5,297,Tilly Beverages Ltd,5,391,Oakes Workshops Ltd,5,257,Oakes Workshops Ltd,5,650,Peabody Workwear Ltd,6,624,Tilly Beverages Ltd,188
user_263,Deborah Dobson,4,323,Riverside Circuitry Ltd,3,637,Tilly Beverages Ltd,1,78,Oakes Workshops Ltd,1,850,Riverside Circuitry Ltd,6,220,Oakes Workshops Ltd,507
user_264,Greta Pond,4,540,Oakes Workshops Ltd,5,695,Peabody Workwear Ltd,0,0,,4,90,Tilly Beverages Ltd,2,673,Oakes Workshops Ltd,773
user_265,Grace Mason,0,0,,5,851,Oakes Workshops Ltd,4,653,Tilly Beverages Ltd,1,389,Oakes Workshops Ltd,6,26,Peabody Workwear Ltd,985
user_266,Jacqueline Saunders,0,0,,0,0,,2,778,Tilly Beverages Ltd,6,175,Peabody Workwear Ltd,1,89,Tilly Beverages Ltd,847
user_267,Danny Wren,3,802,Tilly Beverages Ltd,4,776,Riverside Circuitry Ltd,0,0,,4,142,Peabody Workwear Ltd,2,609,Oakes Workshops Ltd,686
user_268,Mason Emerson,1,899,Oakes Workshops Ltd,3,900,Riverside Circuitry Ltd,0,0,,5,181,Riverside Circuitry Ltd,6,597,Tilly Beverages Ltd,753
user_269,Leroy Martin,1,139,Peabody Workwear Ltd,3,181,Oakes Workshops Ltd,5,765,Oakes Workshops Ltd,2,470,Peabody Workwear Ltd,4,640,Peabody Workwear Ltd,599
user_270,Maxwell Samuel,3,519,Tilly Beverages Ltd,1,67,Peabody Workwear Ltd,4,518,Riverside Circuitry Ltd,3,1,Tilly Beverages Ltd,0,0,,874
user_271,Lucas Whittle,2,649,Riverside Circuitry Ltd,5,103,Oakes Workshops Ltd,0,0,,6,774,Tilly Beverages Ltd,1,597,Peabody Workwear Ltd,139
user_272,Cadence Hopkins,3,996,Riverside Circuitry Ltd,3,518,Oakes Workshops Ltd,5,453,Peabody Workwear Ltd,3,463,Oakes Workshops Ltd,0,0,,678
user_273,Ruth Willson,3,632,Oakes Workshops Ltd,2,217,Tilly Beverages Ltd,6,630,Riverside Circuitry Ltd,5,543,Riverside Circuitry Ltd,6,73,Oakes Workshops Ltd,100
user_274,Jayden Phillips,0,0,,1,560,Oakes Workshops Ltd,6,391,Oakes Workshops Ltd,3,728,Peabody Workwear Ltd,2,297,Oakes Workshops Ltd,889
user_275,Phoebe Reading,3,85,Peabody Workwear Ltd,4,982,Riverside Circuitry Ltd,1,299,Riverside Circuitry Ltd,1,311,Peabody Workwear Ltd,0,0,,855
user_276,Maxwell Hunter,6,929,Peabody Workwear Ltd,3,472,Tilly Beverages Ltd,3,480,Oakes Workshops Ltd,2,447,Oakes Workshops Ltd,1,909,Oakes Workshops Ltd,305
user_277,Marina Pickard,5,160,Peabody Workwear Ltd,0,0,,3,855,Riverside Circuitry Ltd,1,525,Oakes Workshops Ltd,6,345,Riverside Circuitry Ltd,378
user_278,Henry Burge,0,0,,2,104,Tilly Beverages Ltd,5,459,Tilly Beverages Ltd,0,0,,3,84,Tilly Beverages Ltd,545
user_279,Nicole Jobson,4,499,Oakes Workshops Ltd,1,460,Peabody Workwear Ltd,4,943,Riverside Circuitry Ltd,0,0,,5,916,Tilly Beverages Ltd,547
user_280,Janelle Pierce,1,246,Tilly Beverages Ltd,3,737,Peabody Workwear Ltd,4,488,Tilly Beverages Ltd,1,957,Oakes Workshops Ltd,1,301,Peabody Workwear Ltd,459
user_281,Sarah Tanner,5,261,Peabody Workwear Ltd,0,0,,2,865,Tilly Beverages Ltd,0,0,,3,397,Peabody Workwear Ltd,313
user_282,Martin Lloyd,6,682,Tilly Beverages Ltd,4,445,Oakes Workshops Ltd,3,241,Tilly Beverages Ltd,5,472,Tilly Beverages Ltd,3,167,Oakes Workshops Ltd,996
user_283,Hannah Whittle,6,653,Riverside Circuitry Ltd,0,0,,0,0,,1,293,Riverside Circuitry Ltd,5,883,Oakes Workshops Ltd,303
user_284,Melania Wilkinson,1,227,Oakes Workshops Ltd,4,753,Riverside Circuitry Ltd,0,0,,3,118,Oakes Workshops Ltd,4,347,Riverside Circuitry Ltd,544
user_285,Alexander Tate,4,767,Oakes Workshops Ltd,0,0,,3,163,Tilly Beverages Ltd,2,456,Oakes Workshops Ltd,2,191,Tilly Beverages Ltd,612
user_286,Janelle Page ,0,0,,4,511,Oakes Workshops Ltd,6,500,Peabody Workwear Ltd,1,574,Peabody Workwear Ltd,2,628,Tilly Beverages Ltd,229
user_287,Nathan Verdon,2,780,Oakes Workshops Ltd,4,352,Riverside Circuitry Ltd,2,720,Tilly Beverages Ltd,2,129,Tilly Beverages Ltd,1,177,Peabody Workwear Ltd,647
user_288,Mavis Stevenson,1,627,Oakes Workshops Ltd,5,835,Peabody Workwear Ltd,5,657,Peabody Workwear Ltd,6,209,Oakes Workshops Ltd,6,350,Oakes Workshops Ltd,516
user_289,Danny Edwards,6,366,Oakes Workshops Ltd,5,196,Riverside Circuitry Ltd,2,319,Peabody Workwear Ltd,3,318,Oakes Workshops Ltd,0,0,,90
user_290,Evelynn Bingham,4,945,Peabody Workwear Ltd,3,820,Tilly Beverages Ltd,0,0,,4,287,Tilly Beverages Ltd,0,0,,726
user_291,Marilyn Styles,2,603,Riverside Circuitry Ltd,5,85,Riverside Circuitry Ltd,6,104,Tilly Beverages Ltd,1,757,Riverside Circuitry Ltd,2,603,Riverside Circuitry Ltd,889
user_292,Ciara Archer,5,927,Oakes Workshops Ltd,2,28,Peabody Workwear Ltd,0,0,,0,0,,4,521,Riverside Circuitry Ltd,150
user_293,Rocco Gonzales,6,729,Oakes Workshops Ltd,1,700,Oakes Workshops Ltd,4,376,Riverside Circuitry Ltd,0,0,,3,454,Tilly Beverages Ltd,726
user_294,Denis Flett,2,24,Riverside Circuitry Ltd,4,444,Tilly Beverages Ltd,4,641,Riverside Circuitry Ltd,2,56,Peabody Workwear Ltd,0,0,,73
user_295,Anthony Horton,2,319,Tilly Beverages Ltd,4,151,Oakes Workshops Ltd,2,24,Peabody Workwear Ltd,1,535,Peabody Workwear Ltd,0,0,,197
user_296,Trisha Crawley,0,0,,1,259,Peabody Workwear Ltd,5,126,Tilly Beverages Ltd,6,806,Peabody Workwear Ltd,1,128,Oakes Workshops Ltd,846
user_297,Ron Wooldridge,2,938,Peabody Workwear Ltd,3,587,Tilly Beverages Ltd,6,572,Riverside Circuitry Ltd,6,187,Peabody Workwear Ltd,2,244,Tilly Beverages Ltd,88
user_298,Mason Parker,4,836,Riverside Circuitry Ltd,0,0,,1,843,Riverside Circuitry Ltd,0,0,,1,94,Tilly Beverages Ltd,509
user_299,Benjamin Morgan,1,561,Oakes Workshops Ltd,5,318,Tilly Beverages Ltd,4,196,Tilly Beverages Ltd,6,989,Oakes Workshops Ltd,1,836,Peabody Workwear Ltd,262
user_300,Nate Uddin,6,232,Peabody Workwear Ltd,2,925,Tilly Beverages Ltd,4,63,Tilly Beverages Ltd,1,514,Riverside Circuitry Ltd,1,72,Tilly Beverages Ltd,454
user_301,Eryn Brooks,4,549,Peabody Workwear Ltd,3,597,Peabody Workwear Ltd,1,200,Oakes Workshops Ltd,1,342,Tilly Beverages Ltd,2,758,Riverside Circuitry Ltd,141
user_302,Sadie Healy,2,596,Riverside Circuitry Ltd,2,577,Peabody Workwear Ltd,5,79,Tilly Beverages Ltd,4,930,Riverside Circuitry Ltd,3,521,Tilly Beverages Ltd,45
user_303,Lily Donnelly,5,731,Tilly Beverages Ltd,5,232,Peabody Workwear Ltd,3,275,Riverside Circuitry Ltd,3,646,Peabody Workwear Ltd,1,519,Tilly Beverages Ltd,776
user_304,Brad Butler,6,483,Peabody Workwear Ltd,1,622,Oakes Workshops Ltd,2,790,Riverside Circuitry Ltd,5,499,Oakes Workshops Ltd,2,834,Peabody Workwear Ltd,91
user_305,Henry Andersson,1,179,Tilly Beverages Ltd,4,422,Peabody Workwear Ltd,3,893,Tilly Beverages Ltd,3,960,Riverside Circuitry Ltd,1,530,Riverside Circuitry Ltd,988
user_306,Hope Samuel,1,316,Tilly Beverages Ltd,0,0,,4,824,Tilly Beverages Ltd,4,49,Peabody Workwear Ltd,3,741,Peabody Workwear Ltd,908
user_307,Danny Barrett,6,251,Peabody Workwear Ltd,5,711,Tilly Beverages Ltd,6,296,Oakes Workshops Ltd,4,953,Riverside Circuitry Ltd,1,881,Peabody Workwear Ltd,881
user_308,Lucas Simpson,2,620,Tilly Beverages Ltd,4,368,Oakes Workshops Ltd,1,759,Riverside Circuitry Ltd,4,906,Oakes Workshops Ltd,6,230,Tilly Beverages Ltd,710
user_309,Juliet Palmer,4,589,Riverside Circuitry Ltd,2,745,Tilly Beverages Ltd,3,526,Peabody Workwear Ltd,3,213,Tilly Beverages Ltd,0,0,,416
user_310,Tony Knight,4,810,Oakes Workshops Ltd,0,0,,6,417,Oakes Workshops Ltd,0,0,,4,906,Tilly Beverages Ltd,317
user_311,Karen Emerson,3,477,Peabody Workwear Ltd,6,657,Tilly Beverages Ltd,6,813,Riverside Circuitry Ltd,4,505,Oakes Workshops Ltd,3,194,Riverside Circuitry Ltd,458
user_312,Hanna Ebbs,3,896,Riverside Circuitry Ltd,3,836,Peabody Workwear Ltd,5,521,Peabody Workwear Ltd,0,0,,3,950,Peabody Workwear Ltd,283
user_313,Kurt Knight,3,309,Peabody Workwear Ltd,6,238,Tilly Beverages Ltd,0,0,,0,0,,0,0,,696
user_314,Julius Coll,4,363,Tilly Beverages Ltd,6,794,Tilly Beverages Ltd,4,38,Peabody Workwear Ltd,4,667,Tilly Beverages Ltd,2,466,Peabody Workwear Ltd,471
user_315,Sebastian Goodman,6,976,Tilly Beverages Ltd,5,716,Riverside Circuitry Ltd,0,0,,5,85,Peabody Workwear Ltd,6,299,Oakes Workshops Ltd,13
user_316,Alan Stanton,0,0,,0,0,,3,416,Oakes Workshops Ltd,1,185,Tilly Beverages Ltd,3,64,Peabody Workwear Ltd,303
user_317,Jayden Dickson,1,229,Oakes Workshops Ltd,0,0,,2,401,Tilly Beverages Ltd,5,952,Tilly Beverages Ltd,6,983,Oakes Workshops Ltd,733
user_318,Sebastian Wood,6,293,Riverside Circuitry Ltd,2,825,Peabody Workwear Ltd,2,605,Tilly Beverages Ltd,5,279,Peabody Workwear Ltd,0,0,,123
user_319,Tony Howard,1,91,Tilly Beverages Ltd,5,33,Peabody Workwear Ltd,4,403,Tilly Beverages Ltd,2,198,Riverside Circuitry Ltd,2,769,Oakes Workshops Ltd,678
user_320,Fred Cadman,0,0,,6,663,Tilly Beverages Ltd,3,157,Peabody Workwear Ltd,6,816,Oakes Workshops Ltd,0,0,,135
user_321,Victoria Jeffery,0,0,,3,860,Oakes Workshops Ltd,6,798,Riverside Circuitry Ltd,0,0,,2,190,Tilly Beverages Ltd,579
user_322,Tony Wheeler,0,0,,6,699,Peabody Workwear Ltd,3,722,Peabody Workwear Ltd,2,449,Riverside Circuitry Ltd,6,313,Oakes Workshops Ltd,756
user_323,Martin Rycroft,2,308,Peabody Workwear Ltd,2,989,Oakes Workshops Ltd,1,633,Tilly Beverages Ltd,5,93,Peabody Workwear Ltd,0,0,,137
user_324,Owen Lewin,3,959,Oakes Workshops Ltd,2,508,Oakes Workshops Ltd,2,819,Oakes Workshops Ltd,4,940,Tilly Beverages Ltd,5,999,Oakes Workshops Ltd,207
user_325,Marvin Utterson,6,490,Oakes Workshops Ltd,4,224,Riverside Circuitry Ltd,2,5,Peabody Workwear Ltd,4,981,Oakes Workshops Ltd,5,735,Oakes Workshops Ltd,350
user_326,Chadwick Ralph,2,542,Tilly Beverages Ltd,6,421,Tilly Beverages Ltd,5,333,Peabody Workwear Ltd,2,754,Tilly Beverages Ltd,0,0,,972
user_327,Alba James,1,438,Riverside Circuitry Ltd,3,649,Peabody Workwear Ltd,4,106,Oakes Workshops Ltd,0,0,,3,404,Riverside Circuitry Ltd,373
user_328,Manuel Thatcher,1,41,Peabody Workwear Ltd,0,0,,6,305,Oakes Workshops Ltd,4,753,Peabody Workwear Ltd,2,377,Peabody Workwear Ltd,59
user_329,Willow Wilde,6,407,Oakes Workshops Ltd,0,0,,0,0,,1,660,Riverside Circuitry Ltd,0,0,,813
user_330,William Saunders,0,0,,6,533,Riverside Circuitry Ltd,1,35,Riverside Circuitry Ltd,4,776,Peabody Workwear Ltd,2,905,Tilly Beverages Ltd,503
user_331,Paula Webster,3,809,Peabody Workwear Ltd,0,0,,1,557,Peabody Workwear Ltd,1,310,Oakes Workshops Ltd,0,0,,193
user_332,Cedrick Graves,2,227,Peabody Workwear Ltd,4,551,Oakes Workshops Ltd,0,0,,0,0,,1,628,Riverside Circuitry Ltd,38
user_333,Cedrick Farrow,0,0,,4,863,Tilly Beverages Ltd,0,0,,1,118,Riverside Circuitry Ltd,5,639,Riverside Circuitry Ltd,16
user_334,Bart Neal,6,507,Oakes Workshops Ltd,2,222,Oakes Workshops Ltd,5,837,Riverside Circuitry Ltd,5,205,Oakes Workshops Ltd,4,563,Peabody Workwear Ltd,444
user_335,Matt Collins,0,0,,5,103,Oakes Workshops Ltd,4,663,Tilly Beverages Ltd,0,0,,2,834,Tilly Beverages Ltd,570
user_336,Lana Campbell,0,0,,4,108,Riverside Circuitry Ltd,3,201,Oakes Workshops Ltd,3,81,Riverside Circuitry Ltd,0,0,,519
user_337,Scarlett Whitmore,3,924,Peabody Workwear Ltd,4,896,Riverside Circuitry Ltd,0,0,,5,333,Oakes Workshops Ltd,1,865,Tilly Beverages Ltd,655
user_338,Ron Griffiths,6,617,Tilly Beverages Ltd,3,814,Oakes Workshops Ltd,3,65,Peabody Workwear Ltd,6,754,Oakes Workshops Ltd,5,616,Oakes Workshops Ltd,227
user_339,Tania Russell,6,504,Oakes Workshops Ltd,0,0,,5,907,Oakes Workshops Ltd,5,690,Oakes Workshops Ltd,0,0,,255
user_340,Daron Randall,0,0,,2,841,Riverside Circuitry Ltd,2,391,Tilly Beverages Ltd,1,91,Riverside Circuitry Ltd,0,0,,409
user_341,Kimberly Rossi,4,919,Riverside Circuitry Ltd,6,990,Oakes Workshops Ltd,0,0,,6,994,Peabody Workwear Ltd,6,931,Peabody Workwear Ltd,104
user_342,Keira Salt,4,732,Peabody Workwear Ltd,5,717,Tilly Beverages Ltd,3,570,Peabody Workwear Ltd,1,569,Riverside Circuitry Ltd,5,703,Riverside Circuitry Ltd,327
user_343,Jack Reynolds,6,706,Riverside Circuitry Ltd,1,3,Oakes Workshops Ltd,4,391,Riverside Circuitry Ltd,0,0,,5,311,Tilly Beverages Ltd,94
user_344,Tyler Stuart,2,226,Oakes Workshops Ltd,3,253,Tilly Beverages Ltd,4,671,Oakes Workshops Ltd,5,401,Oakes Workshops Ltd,0,0,,620
user_345,Amelia Hastings,0,0,,4,27,Oakes Workshops Ltd,2,20,Peabody Workwear Ltd,1,839,Oakes Workshops Ltd,1,78,,235
user_346,Julius Thomson,0,0,,3,939,Peabody Workwear Ltd,0,0,,6,198,Peabody Workwear Ltd,5,41,Tilly Beverages Ltd,440
user_347,Ronald Reynolds,5,696,Tilly Beverages Ltd,5,479,Oakes Workshops Ltd,6,313,Peabody Workwear Ltd,0,0,,4,235,Riverside Circuitry Ltd,563
user_348,Wade Griffiths,5,510,Oakes Workshops Ltd,1,606,Tilly Beverages Ltd,1,266,Peabody Workwear Ltd,0,0,,2,814,Tilly Beverages Ltd,85
user_349,Julius Miller,5,78,Oakes Workshops Ltd,3,99,Tilly Beverages Ltd,6,232,Riverside Circuitry Ltd,0,0,,1,393,Oakes Workshops Ltd,826
user_350,Jackeline Robertson,4,694,Riverside Circuitry Ltd,4,135,Peabody Workwear Ltd,2,290,Peabody Workwear Ltd,1,317,Tilly Beverages Ltd,3,358,Peabody Workwear Ltd,49
user_351,Tyson Mason,3,305,Riverside Circuitry Ltd,5,529,Oakes Workshops Ltd,3,905,Riverside Circuitry Ltd,6,966,Tilly Beverages Ltd,0,0,,779
user_352,Sarah Butler,0,0,,4,795,Riverside Circuitry Ltd,0,0,,3,140,Tilly Beverages Ltd,2,737,Riverside Circuitry Ltd,772
user_353,Jack Wills,3,243,Tilly Beverages Ltd,0,0,,5,986,Peabody Workwear Ltd,2,496,Oakes Workshops Ltd,3,734,Oakes Workshops Ltd,296
user_354,Iris Noach,3,498,Oakes Workshops Ltd,4,438,Oakes Workshops Ltd,0,0,,3,376,Oakes Workshops Ltd,5,173,Peabody Workwear Ltd,741
user_355,Melanie Palmer,4,498,Oakes Workshops Ltd,1,582,Tilly Beverages Ltd,1,819,Peabody Workwear Ltd,5,415,Tilly Beverages Ltd,1,884,Oakes Workshops Ltd,256
user_356,Joseph Jordan,4,903,Oakes Workshops Ltd,0,0,,2,455,Tilly Beverages Ltd,3,217,Oakes Workshops Ltd,6,81,Oakes Workshops Ltd,481
user_357,Thea Haines,0,0,,1,3,Peabody Workwear Ltd,0,0,,5,301,Riverside Circuitry Ltd,1,828,Tilly Beverages Ltd,949
user_358,Ruth Dyson,1,632,Peabody Workwear Ltd,6,688,Tilly Beverages Ltd,6,505,Tilly Beverages Ltd,1,349,Peabody Workwear Ltd,3,588,Peabody Workwear Ltd,803
user_359,Tony Matthews,3,610,Oakes Workshops Ltd,6,619,Oakes Workshops Ltd,2,352,Oakes Workshops Ltd,1,610,Peabody Workwear Ltd,2,386,Oakes Workshops Ltd,929
user_360,Ramon Needham,5,277,Peabody Workwear Ltd,3,602,Oakes Workshops Ltd,4,446,Tilly Beverages Ltd,4,802,Riverside Circuitry Ltd,2,347,Riverside Circuitry Ltd,336
user_361,Cherish Cameron,3,165,Peabody Workwear Ltd,0,0,,0,0,,4,942,Oakes Workshops Ltd,4,92,Tilly Beverages Ltd,66
user_362,Tony Chapman,1,615,Riverside Circuitry Ltd,0,0,,4,773,Peabody Workwear Ltd,1,842,Oakes Workshops Ltd,2,382,Tilly Beverages Ltd,258
user_363,Audrey Dickson,5,823,Peabody Workwear Ltd,1,215,Peabody Workwear Ltd,6,270,Oakes Workshops Ltd,1,909,Tilly Beverages Ltd,5,410,Oakes Workshops Ltd,323
user_364,Ronald Reynolds,5,725,Riverside Circuitry Ltd,5,841,Peabody Workwear Ltd,1,739,Oakes Workshops Ltd,5,982,Oakes Workshops Ltd,4,579,Tilly Beverages Ltd,457
user_365,Mina Milner,6,824,Riverside Circuitry Ltd,0,0,,1,257,Oakes Workshops Ltd,1,18,Peabody Workwear Ltd,0,0,,716
user_366,Olivia Ranks,4,737,Peabody Workwear Ltd,1,837,Peabody Workwear Ltd,2,998,Riverside Circuitry Ltd,3,51,Peabody Workwear Ltd,0,0,,757
user_367,Rufus Brooks,1,493,Peabody Workwear Ltd,3,558,Oakes Workshops Ltd,2,56,Riverside Circuitry Ltd,1,993,Oakes Workshops Ltd,2,146,Riverside Circuitry Ltd,809
user_368,Harvey Vincent,3,518,Tilly Beverages Ltd,0,0,,1,812,Tilly Beverages Ltd,4,665,Oakes Workshops Ltd,6,622,Tilly Beverages Ltd,334
user_369,Vicky Harvey,6,152,Riverside Circuitry Ltd,4,362,Tilly Beverages Ltd,4,809,Oakes Workshops Ltd,5,333,Peabody Workwear Ltd,3,404,Riverside Circuitry Ltd,206
user_370,Maxwell Mullins,3,675,Tilly Beverages Ltd,4,940,Tilly Beverages Ltd,0,0,,5,991,Tilly Beverages Ltd,1,78,Peabody Workwear Ltd,96
user_371,Josh Weatcroft,6,767,Peabody Workwear Ltd,0,0,,3,379,Oakes Workshops Ltd,3,728,Peabody Workwear Ltd,6,362,Tilly Beverages Ltd,63
user_372,Valerie Neville,1,495,Riverside Circuitry Ltd,3,813,Riverside Circuitry Ltd,6,23,Oakes Workshops Ltd,4,579,Riverside Circuitry Ltd,2,31,Peabody Workwear Ltd,750
user_373,David Bayliss,3,379,Oakes Workshops Ltd,2,634,Tilly Beverages Ltd,1,368,Peabody Workwear Ltd,0,0,,0,0,,41
user_374,Havana Palmer,6,433,Riverside Circuitry Ltd,2,33,Riverside Circuitry Ltd,6,26,,5,211,Peabody Workwear Ltd,0,0,,315
user_375,Amy Parker,5,387,Tilly Beverages Ltd,5,460,Tilly Beverages Ltd,1,618,Tilly Beverages Ltd,0,0,,5,848,Peabody Workwear Ltd,208
user_376,Florence Martin,5,471,Tilly Beverages Ltd,5,523,Oakes Workshops Ltd,6,451,Oakes Workshops Ltd,0,0,,0,0,,450
user_377,Wade Overson,1,803,Peabody Workwear Ltd,5,662,Tilly Beverages Ltd,5,787,Tilly Beverages Ltd,0,0,,6,627,Tilly Beverages Ltd,858
user_378,Sofie Griffiths,6,56,Riverside Circuitry Ltd,4,995,Oakes Workshops Ltd,6,924,Oakes Workshops Ltd,3,305,Oakes Workshops Ltd,1,433,Riverside Circuitry Ltd,756
user_379,Teagan Henderson,6,989,Oakes Workshops Ltd,1,305,Tilly Beverages Ltd,0,0,,2,262,Riverside Circuitry Ltd,1,396,Peabody Workwear Ltd,391
user_380,Anthony Parr,4,337,Tilly Beverages Ltd,3,125,Peabody Workwear Ltd,3,81,Peabody Workwear Ltd,6,468,Riverside Circuitry Ltd,6,793,Peabody Workwear Ltd,464
user_381,Harry Blackburn,3,330,Oakes Workshops Ltd,1,841,Oakes Workshops Ltd,1,23,Peabody Workwear Ltd,1,4,Peabody Workwear Ltd,4,743,Oakes Workshops Ltd,33
user_382,Joyce Harrington,0,0,,1,174,Tilly Beverages Ltd,4,251,Riverside Circuitry Ltd,5,700,Oakes Workshops Ltd,0,0,,903
user_383,Denis Lowe,2,408,Peabody Workwear Ltd,0,0,,4,528,Tilly Beverages Ltd,6,890,Tilly Beverages Ltd,5,591,Oakes Workshops Ltd,160
user_384,Hanna Cadman,6,432,Riverside Circuitry Ltd,0,0,,6,367,Peabody Workwear Ltd,6,657,Tilly Beverages Ltd,0,0,,714
user_385,Carl Price,6,394,Peabody Workwear Ltd,1,523,Peabody Workwear Ltd,4,536,Riverside Circuitry Ltd,3,633,Peabody Workwear Ltd,6,2,Riverside Circuitry Ltd,383
user_386,Tyler Watson,3,934,Oakes Workshops Ltd,4,881,Riverside Circuitry Ltd,4,132,Tilly Beverages Ltd,0,0,,3,750,Peabody Workwear Ltd,544
user_387,Penny Andersson,6,655,Riverside Circuitry Ltd,0,0,,2,27,Oakes Workshops Ltd,2,126,Tilly Beverages Ltd,5,853,Tilly Beverages Ltd,487
user_388,Angelique Morrison,4,256,Oakes Workshops Ltd,4,204,Oakes Workshops Ltd,6,291,Oakes Workshops Ltd,0,0,,0,0,,912
user_389,Josephine Dixon,5,226,Tilly Beverages Ltd,6,292,Tilly Beverages Ltd,2,629,Oakes Workshops Ltd,2,177,Riverside Circuitry Ltd,3,248,Oakes Workshops Ltd,178
user_390,Harry Mason,4,230,Oakes Workshops Ltd,0,0,,0,0,,6,351,Oakes Workshops Ltd,5,612,Tilly Beverages Ltd,295
user_391,Eve Murphy,4,72,Oakes Workshops Ltd,4,821,Riverside Circuitry Ltd,2,367,Peabody Workwear Ltd,5,328,Tilly Beverages Ltd,2,245,Riverside Circuitry Ltd,818
user_392,Valentina Waterhouse,2,549,Tilly Beverages Ltd,6,286,Tilly Beverages Ltd,4,529,Oakes Workshops Ltd,0,0,,1,537,Peabody Workwear Ltd,229
user_393,Matt Ebbs,0,0,,5,247,Riverside Circuitry Ltd,2,651,Tilly Beverages Ltd,1,206,Riverside Circuitry Ltd,2,116,Tilly Beverages Ltd,44
user_394,Phillip Rogers,4,966,Tilly Beverages Ltd,4,915,Tilly Beverages Ltd,1,388,Oakes Workshops Ltd,5,991,Riverside Circuitry Ltd,3,103,Oakes Workshops Ltd,552
user_395,Maggie Sinclair,0,0,,6,490,Peabody Workwear Ltd,3,52,Peabody Workwear Ltd,0,0,,2,614,Peabody Workwear Ltd,883
user_396,Destiny Benson,0,0,,1,142,Oakes Workshops Ltd,5,129,Riverside Circuitry Ltd,1,983,Riverside Circuitry Ltd,2,278,Peabody Workwear Ltd,630
user_397,Janice Garner,0,0,,0,0,,6,280,Oakes Workshops Ltd,4,200,Oakes Workshops Ltd,0,0,,570
user_398,Boris Cowan,6,93,Tilly Beverages Ltd,3,800,Tilly Beverages Ltd,3,362,Riverside Circuitry Ltd,5,412,Tilly Beverages Ltd,2,726,Oakes Workshops Ltd,453
user_399,Tony Simpson,6,190,Tilly Beverages Ltd,2,349,Riverside Circuitry Ltd,2,131,Tilly Beverages Ltd,0,0,,5,610,Riverside Circuitry Ltd,594
user_400,Abbey Taylor,6,713,Peabody Workwear Ltd,6,36,Oakes Workshops Ltd,3,768,Oakes Workshops Ltd,6,251,Peabody Workwear Ltd,2,985,Peabody Workwear Ltd,445
user_401,Susan Crawley,4,118,Peabody Workwear Ltd,3,717,Oakes Workshops Ltd,6,306,Oakes Workshops Ltd,1,665,Tilly Beverages Ltd,5,276,Riverside Circuitry Ltd,975
user_402,Harvey Mann,4,831,Peabody Workwear Ltd,1,257,Oakes Workshops Ltd,5,115,Riverside Circuitry Ltd,1,774,Riverside Circuitry Ltd,6,590,Riverside Circuitry Ltd,334
user_403,Fiona Wren,5,284,Peabody Workwear Ltd,1,127,Oakes Workshops Ltd,6,95,Tilly Beverages Ltd,2,440,Tilly Beverages Ltd,3,124,Oakes Workshops Ltd,123
user_404,Owen Quinnell,2,838,Riverside Circuitry Ltd,0,0,,0,0,,3,70,Tilly Beverages Ltd,4,320,Peabody Workwear Ltd,926
user_405,Robyn Stevens,6,354,Peabody Workwear Ltd,0,0,,0,0,,3,537,Oakes Workshops Ltd,6,136,Peabody Workwear Ltd,889
user_406,Martin Pierce,1,642,,0,0,,4,414,Peabody Workwear Ltd,4,874,Peabody Workwear Ltd,3,416,Tilly Beverages Ltd,342
user_407,Chuck Vernon,3,402,Peabody Workwear Ltd,6,152,Oakes Workshops Ltd,0,0,,5,899,Tilly Beverages Ltd,6,859,Riverside Circuitry Ltd,937
user_408,Keira Stevenson,6,572,Tilly Beverages Ltd,2,542,Oakes Workshops Ltd,2,717,Peabody Workwear Ltd,3,130,Peabody Workwear Ltd,0,0,,9
user_409,Doris Mcguire,1,190,Riverside Circuitry Ltd,1,545,Oakes Workshops Ltd,5,452,Tilly Beverages Ltd,3,699,Peabody Workwear Ltd,3,760,Peabody Workwear Ltd,779
user_410,Dakota Morris,1,949,Peabody Workwear Ltd,0,0,,5,355,Oakes Workshops Ltd,0,0,,0,0,,224
user_411,Julius Thatcher,4,408,Riverside Circuitry Ltd,5,192,Oakes Workshops Ltd,0,0,,4,468,Oakes Workshops Ltd,1,865,Riverside Circuitry Ltd,710
user_412,Shannon Mitchell,0,0,,6,969,Peabody Workwear Ltd,2,380,Oakes Workshops Ltd,3,262,Tilly Beverages Ltd,3,358,Oakes Workshops Ltd,448
user_413,Ivette Reynolds,4,283,Peabody Workwear Ltd,6,383,Riverside Circuitry Ltd,4,93,Oakes Workshops Ltd,1,770,Riverside Circuitry Ltd,4,931,Peabody Workwear Ltd,396
user_414,Denny Denton,3,908,Riverside Circuitry Ltd,3,792,Tilly Beverages Ltd,3,274,Oakes Workshops Ltd,4,265,Peabody Workwear Ltd,0,0,,271
user_415,Cherish Lane,4,659,Oakes Workshops Ltd,4,252,Oakes Workshops Ltd,4,652,Peabody Workwear Ltd,1,317,Tilly Beverages Ltd,6,37,Riverside Circuitry Ltd,58
user_416,Olivia Stevens,3,633,Tilly Beverages Ltd,5,619,Riverside Circuitry Ltd,1,335,Oakes Workshops Ltd,3,800,Peabody Workwear Ltd,5,155,Riverside Circuitry Ltd,675
user_417,Julius Payne,1,34,Oakes Workshops Ltd,6,679,Peabody Workwear Ltd,5,443,Tilly Beverages Ltd,4,233,Oakes Workshops Ltd,4,174,Oakes Workshops Ltd,83
user_418,Violet Harrison,3,35,Tilly Beverages Ltd,2,546,Tilly Beverages Ltd,3,362,Oakes Workshops Ltd,5,579,Peabody Workwear Ltd,1,666,Riverside Circuitry Ltd,36
user_419,Martin Newton,5,873,Riverside Circuitry Ltd,3,342,Oakes Workshops Ltd,5,761,Riverside Circuitry Ltd,3,539,Tilly Beverages Ltd,1,466,Peabody Workwear Ltd,477
user_420,Scarlett Matthews,3,363,Tilly Beverages Ltd,1,147,Oakes Workshops Ltd,2,155,Riverside Circuitry Ltd,6,503,Riverside Circuitry Ltd,4,904,Riverside Circuitry Ltd,372
user_421,Daniel Giles,1,421,Riverside Circuitry Ltd,0,0,,2,476,Peabody Workwear Ltd,0,0,,4,836,Tilly Beverages Ltd,170
user_422,Doug Downing,2,936,Riverside Circuitry Ltd,6,18,Oakes Workshops Ltd,1,833,Peabody Workwear Ltd,0,0,,6,513,Oakes Workshops Ltd,888
user_423,Sage Cameron,6,497,Oakes Workshops Ltd,5,313,Riverside Circuitry Ltd,5,354,Tilly Beverages Ltd,4,129,Tilly Beverages Ltd,0,0,,776
user_424,Joseph Clifford,1,50,Riverside Circuitry Ltd,0,0,,1,953,Riverside Circuitry Ltd,5,616,Tilly Beverages Ltd,4,65,Riverside Circuitry Ltd,969
user_425,Alexander Reid,4,289,Oakes Workshops Ltd,2,774,Riverside Circuitry Ltd,5,371,Oakes Workshops Ltd,2,66,Oakes Workshops Ltd,1,413,Tilly Beverages Ltd,151
user_426,Remy Woods,1,451,Oakes Workshops Ltd,3,806,Oakes Workshops Ltd,2,535,Riverside Circuitry Ltd,1,364,Oakes Workshops Ltd,1,449,Riverside Circuitry Ltd,25
user_427,Cassidy Thompson,6,473,Oakes Workshops Ltd,1,577,Peabody Workwear Ltd,0,0,,2,391,Tilly Beverages Ltd,4,429,Peabody Workwear Ltd,534
user_428,Tiffany Wren,1,436,Peabody Workwear Ltd,2,569,Peabody Workwear Ltd,0,0,,4,599,Riverside Circuitry Ltd,0,0,,994
user_429,Harvey Calderwood,1,363,Tilly Beverages Ltd,1,952,Tilly Beverages Ltd,1,781,Riverside Circuitry Ltd,6,548,Oakes Workshops Ltd,3,58,Peabody Workwear Ltd,677
user_430,Leah Yarwood,3,284,Riverside Circuitry Ltd,2,143,Riverside Circuitry Ltd,5,88,Oakes Workshops Ltd,2,711,Riverside Circuitry Ltd,1,788,Oakes Workshops Ltd,879
user_431,Jaylene Lane,1,8,Riverside Circuitry Ltd,2,659,Peabody Workwear Ltd,4,872,Oakes Workshops Ltd,1,631,Tilly Beverages Ltd,1,467,Peabody Workwear Ltd,94
user_432,Emerald Carter,1,945,Peabody Workwear Ltd,5,159,Oakes Workshops Ltd,6,938,Oakes Workshops Ltd,4,923,Oakes Workshops Ltd,4,417,Riverside Circuitry Ltd,489
user_433,Belinda Cunningham,0,0,,6,428,Oakes Workshops Ltd,1,842,Tilly Beverages Ltd,5,433,Oakes Workshops Ltd,5,920,Peabody Workwear Ltd,507
user_434,Aisha Walker,1,783,Oakes Workshops Ltd,2,676,Peabody Workwear Ltd,6,397,Peabody Workwear Ltd,6,448,Riverside Circuitry Ltd,2,809,Oakes Workshops Ltd,194
user_435,Alison Wooldridge,2,172,Oakes Workshops Ltd,0,0,,1,236,Riverside Circuitry Ltd,2,389,Oakes Workshops Ltd,1,644,Oakes Workshops Ltd,693
user_436,Michael Hastings,5,964,Peabody Workwear Ltd,6,780,Peabody Workwear Ltd,0,0,,2,492,Tilly Beverages Ltd,0,0,,227
user_437,Jade Rowe,3,905,Riverside Circuitry Ltd,2,670,Riverside Circuitry Ltd,0,0,,1,742,Peabody Workwear Ltd,0,0,,279
user_438,Ada Murray,5,195,Tilly Beverages Ltd,2,714,Oakes Workshops Ltd,6,382,Peabody Workwear Ltd,4,242,Riverside Circuitry Ltd,3,537,Oakes Workshops Ltd,571
user_439,Nick Swan,2,651,Riverside Circuitry Ltd,0,0,,3,798,Peabody Workwear Ltd,3,793,Riverside Circuitry Ltd,4,26,Oakes Workshops Ltd,329
user_440,Chanelle Rainford,0,0,,3,685,Oakes Workshops Ltd,0,0,,6,686,Riverside Circuitry Ltd,3,981,Peabody Workwear Ltd,751
user_441,Kaylee Mcgee,0,0,,5,2,Oakes Workshops Ltd,2,960,Riverside Circuitry Ltd,2,485,Peabody Workwear Ltd,4,21,Oakes Workshops Ltd,481
user_442,Janice Hobbs,3,61,Riverside Circuitry Ltd,1,860,Riverside Circuitry Ltd,5,583,Peabody Workwear Ltd,2,452,Peabody Workwear Ltd,0,0,,997
user_443,Francesca Nicolas,5,322,Oakes Workshops Ltd,2,296,Riverside Circuitry Ltd,6,140,Oakes Workshops Ltd,3,706,Riverside Circuitry Ltd,6,792,Oakes Workshops Ltd,909
user_444,Michael Wilkinson,2,253,Oakes Workshops Ltd,2,858,Peabody Workwear Ltd,0,0,,0,0,,2,510,Oakes Workshops Ltd,377
user_445,Karen Mason,2,608,Tilly Beverages Ltd,2,489,Tilly Beverages Ltd,3,337,Oakes Workshops Ltd,1,588,Riverside Circuitry Ltd,2,955,Peabody Workwear Ltd,688
user_446,Lexi Abbey,0,0,,1,86,Oakes Workshops Ltd,2,139,Riverside Circuitry Ltd,1,825,Tilly Beverages Ltd,6,535,Tilly Beverages Ltd,988
user_447,Percy Vinton,3,214,Tilly Beverages Ltd,2,630,Peabody Workwear Ltd,5,463,Tilly Beverages Ltd,1,550,Tilly Beverages Ltd,1,620,Riverside Circuitry Ltd,442
user_448,Aurelia Ianson,2,874,Riverside Circuitry Ltd,3,660,Oakes Workshops Ltd,2,573,Tilly Beverages Ltd,1,588,Peabody Workwear Ltd,1,990,Tilly Beverages Ltd,569
user_449,Samantha Parker,1,10,Oakes Workshops Ltd,5,258,Tilly Beverages Ltd,5,995,Oakes Workshops Ltd,6,572,Oakes Workshops Ltd,5,81,Oakes Workshops Ltd,360
user_450,Bryon Rothwell,4,605,Riverside Circuitry Ltd,5,865,Oakes Workshops Ltd,2,385,Tilly Beverages Ltd,2,301,Oakes Workshops Ltd,4,401,Oakes Workshops Ltd,603
user_451,Lorraine Campbell,2,265,Oakes Workshops Ltd,6,187,Riverside Circuitry Ltd,4,448,Riverside Circuitry Ltd,5,952,Peabody Workwear Ltd,4,651,Riverside Circuitry Ltd,85
user_452,Logan Neville,6,275,Oakes Workshops Ltd,3,827,Tilly Beverages Ltd,3,650,Oakes Workshops Ltd,3,535,Peabody Workwear Ltd,3,657,Oakes Workshops Ltd,307
user_453,Chad Warden,0,0,,6,100,Oakes Workshops Ltd,2,361,Riverside Circuitry Ltd,0,0,,5,752,Riverside Circuitry Ltd,994
user_454,Thea Seymour,4,916,Oakes Workshops Ltd,3,319,Oakes Workshops Ltd,5,527,Riverside Circuitry Ltd,4,918,Riverside Circuitry Ltd,0,0,,101
user_455,Tania Martin,2,113,Tilly Beverages Ltd,2,452,Riverside Circuitry Ltd,3,354,Riverside Circuitry Ltd,2,888,Tilly Beverages Ltd,0,0,,964
user_456,Oliver Richards,6,36,Riverside Circuitry Ltd,2,333,Peabody Workwear Ltd,3,831,Peabody Workwear Ltd,5,829,Tilly Beverages Ltd,2,600,Riverside Circuitry Ltd,275
user_457,Daron Ventura,6,342,Oakes Workshops Ltd,0,0,,0,0,,0,0,,1,144,Riverside Circuitry Ltd,511
user_458,Janice Morgan,4,911,Oakes Workshops Ltd,0,0,,6,304,Tilly Beverages Ltd,1,198,Peabody Workwear Ltd,4,158,Peabody Workwear Ltd,800
user_459,Noemi Dillon,3,35,Tilly Beverages Ltd,4,379,Peabody Workwear Ltd,2,933,Oakes Workshops Ltd,4,138,Riverside Circuitry Ltd,5,880,Peabody Workwear Ltd,594
user_460,Johnathan Mason,4,899,Oakes Workshops Ltd,2,634,Peabody Workwear Ltd,0,0,,3,402,Tilly Beverages Ltd,4,238,Oakes Workshops Ltd,106
user_461,Peter Rivers,1,717,Peabody Workwear Ltd,3,779,Riverside Circuitry Ltd,1,348,Riverside Circuitry Ltd,5,857,Riverside Circuitry Ltd,6,378,Tilly Beverages Ltd,527
user_462,Deborah Seymour,5,812,Riverside Circuitry Ltd,4,485,Peabody Workwear Ltd,6,786,Peabody Workwear Ltd,1,740,Oakes Workshops Ltd,4,96,Tilly Beverages Ltd,385
user_463,Hank Phillips,4,912,Oakes Workshops Ltd,4,76,Oakes Workshops Ltd,3,803,Peabody Workwear Ltd,1,887,Peabody Workwear Ltd,0,0,,6
user_464,Quinn Gallacher,0,0,,0,0,,0,0,,0,0,,0,0,,485
user_465,Benjamin Lyon,0,0,,0,0,,5,393,Riverside Circuitry Ltd,4,754,Oakes Workshops Ltd,6,620,Peabody Workwear Ltd,545
user_466,Felicity Knight,6,598,Peabody Workwear Ltd,6,806,Tilly Beverages Ltd,6,770,Oakes Workshops Ltd,5,376,Peabody Workwear Ltd,6,315,Peabody Workwear Ltd,523
user_467,Margot Farrow,2,794,Oakes Workshops Ltd,5,824,Tilly Beverages Ltd,0,0,,5,939,Oakes Workshops Ltd,1,204,Peabody Workwear Ltd,253
user_468,Rosalee Shelton,1,996,Peabody Workwear Ltd,0,0,,1,354,Tilly Beverages Ltd,5,826,Riverside Circuitry Ltd,4,297,Oakes Workshops Ltd,50
user_469,Molly Coleman,1,539,Peabody Workwear Ltd,1,287,Tilly Beverages Ltd,0,0,,2,188,Tilly Beverages Ltd,3,974,Tilly Beverages Ltd,840
user_470,Ethan Collis,4,359,Tilly Beverages Ltd,2,865,Riverside Circuitry Ltd,4,697,Tilly Beverages Ltd,4,82,Tilly Beverages Ltd,4,38,Oakes Workshops Ltd,52
user_471,Felicity Alexander,3,223,Tilly Beverages Ltd,5,472,Oakes Workshops Ltd,0,0,,4,931,Oakes Workshops Ltd,4,739,Peabody Workwear Ltd,951
user_472,Deborah Rogers,4,295,Riverside Circuitry Ltd,6,822,Riverside Circuitry Ltd,5,296,Oakes Workshops Ltd,1,430,Riverside Circuitry Ltd,5,508,Tilly Beverages Ltd,694
user_473,Natalie Russel,5,682,Tilly Beverages Ltd,1,317,Oakes Workshops Ltd,6,725,Peabody Workwear Ltd,0,0,,3,500,Peabody Workwear Ltd,365
user_474,Henry Lynn,4,278,Riverside Circuitry Ltd,6,547,Oakes Workshops Ltd,5,813,Riverside Circuitry Ltd,2,529,Riverside Circuitry Ltd,6,809,Tilly Beverages Ltd,815
user_475,Russel Yarlett,0,0,,1,460,Peabody Workwear Ltd,6,491,Oakes Workshops Ltd,6,635,Tilly Beverages Ltd,0,0,,731
user_476,Daniel Wright,6,667,Oakes Workshops Ltd,2,443,Peabody Workwear Ltd,0,0,,6,756,Oakes Workshops Ltd,6,861,Peabody Workwear Ltd,612
user_477,Matthew Giles,2,644,Oakes Workshops Ltd,1,461,Oakes Workshops Ltd,0,0,,2,18,Peabody Workwear Ltd,4,456,Oakes Workshops Ltd,495
user_478,Carter Evans,3,345,Oakes Workshops Ltd,6,865,Tilly Beverages Ltd,5,586,Riverside Circuitry Ltd,5,92,Oakes Workshops Ltd,3,417,Oakes Workshops Ltd,381
user_479,Jackeline Emerson,2,876,Tilly Beverages Ltd,6,277,Riverside Circuitry Ltd,0,0,,3,253,Peabody Workwear Ltd,2,648,Tilly Beverages Ltd,778
user_480,Chanelle Lewin,0,0,,4,247,Oakes Workshops Ltd,2,130,Oakes Workshops Ltd,1,889,Oakes Workshops Ltd,2,859,Oakes Workshops Ltd,832
user_481,Jayden Baker,3,887,Oakes Workshops Ltd,0,0,,2,178,Oakes Workshops Ltd,0,0,,2,853,Peabody Workwear Ltd,194
user_482,Gina Shields,0,0,,4,106,Riverside Circuitry Ltd,4,700,Tilly Beverages Ltd,6,910,Peabody Workwear Ltd,5,217,Peabody Workwear Ltd,496
user_483,Caydence Robinson,1,234,Oakes Workshops Ltd,0,0,,6,79,Oakes Workshops Ltd,5,877,Oakes Workshops Ltd,3,817,Tilly Beverages Ltd,581
user_484,Leilani Newman,4,287,Peabody Workwear Ltd,3,351,Oakes Workshops Ltd,3,478,Riverside Circuitry Ltd,3,9,Oakes Workshops Ltd,5,963,Peabody Workwear Ltd,460
user_485,Rae Hastings,5,904,Tilly Beverages Ltd,3,668,Riverside Circuitry Ltd,2,777,Tilly Beverages Ltd,5,805,Riverside Circuitry Ltd,6,530,Tilly Beverages Ltd,214
user_486,Hope Ryan,2,434,Tilly Beverages Ltd,1,504,Oakes Workshops Ltd,0,0,,4,497,Oakes Workshops Ltd,0,0,,298
user_487,Ilona Connell,3,109,Tilly Beverages Ltd,1,699,Riverside Circuitry Ltd,3,226,Oakes Workshops Ltd,1,388,Peabody Workwear Ltd,1,959,Tilly Beverages Ltd,236
user_488,Barney Shields,2,757,Tilly Beverages Ltd,0,0,,0,0,,0,0,,0,0,,911
user_489,Destiny Camden,0,0,,0,0,,1,767,Oakes Workshops Ltd,3,374,Peabody Workwear Ltd,5,164,Peabody Workwear Ltd,280
user_490,Ron Silva,5,345,Riverside Circuitry Ltd,6,520,Tilly Beverages Ltd,3,797,Riverside Circuitry Ltd,4,187,Tilly Beverages Ltd,0,0,,594
user_491,Liv Ogilvy,3,735,Riverside Circuitry Ltd,6,548,Oakes Workshops Ltd,0,0,,0,0,,4,12,Peabody Workwear Ltd,995
user_492,Crystal Neville,2,743,Riverside Circuitry Ltd,0,0,,6,331,Oakes Workshops Ltd,2,879,Tilly Beverages Ltd,4,298,Oakes Workshops Ltd,489
user_493,William Villiger,1,261,Peabody Workwear Ltd,4,704,Riverside Circuitry Ltd,4,926,Riverside Circuitry Ltd,0,0,,6,76,Riverside Circuitry Ltd,167
user_494,Jacob Ebden,6,565,Riverside Circuitry Ltd,4,948,Riverside Circuitry Ltd,3,104,Peabody Workwear Ltd,5,447,Oakes Workshops Ltd,1,284,Riverside Circuitry Ltd,753
user_495,Alexander Spencer,2,151,Tilly Beverages Ltd,0,0,,5,453,Tilly Beverages Ltd,0,0,,1,713,Oakes Workshops Ltd,547
user_496,Taylor Vince,6,723,Peabody Workwear Ltd,3,736,Riverside Circuitry Ltd,5,286,Oakes Workshops Ltd,2,43,Oakes Workshops Ltd,2,197,Tilly Beverages Ltd,142
user_497,Bryce Clarkson,5,566,Tilly Beverages Ltd,5,564,Peabody Workwear Ltd,1,366,Peabody Workwear Ltd,2,856,Oakes Workshops Ltd,0,0,,431
user_498,Gina Watson,3,268,Oakes Workshops Ltd,0,0,,4,596,Peabody Workwear Ltd,0,0,,1,243,Tilly Beverages Ltd,102
user_499,Martin Poulton,3,353,Peabody Workwear Ltd,6,228,Peabody Workwear Ltd,0,0,,5,553,Tilly Beverages Ltd,3,362,Peabody Workwear Ltd,524
user_500,Johnny Palmer,2,714,Tilly Beverages Ltd,2,362,Peabody Workwear Ltd,0,0,,5,770,Tilly Beverages Ltd,5,591,Riverside Circuitry Ltd,710
